file	line	candidate	status	cover
blackmatrix-apple	11	DOMAIN-KEYWORD,apple-support.akadns.net	E: broad keyword/user-agent not identity evidence; not copied	
blackmatrix-apple	12	DOMAIN-KEYWORD,apple.com.akadns.net	E: broad keyword/user-agent not identity evidence; not copied	
blackmatrix-apple	13	DOMAIN-KEYWORD,apple.com.edgekey.net	E: broad keyword/user-agent not identity evidence; not copied	
blackmatrix-apple	14	DOMAIN-KEYWORD,buy.itunes.apple.com	E: broad keyword/user-agent not identity evidence; not copied	
blackmatrix-apple	15	DOMAIN-KEYWORD,smp-device	E: broad keyword/user-agent not identity evidence; not copied	
blackmatrix-apple	16	DOMAIN-KEYWORD,testflight	E: broad keyword/user-agent not identity evidence; not copied	
blackmatrix-apple	17	DOMAIN-KEYWORD,icloud.com.akadns.net	E: broad keyword/user-agent not identity evidence; not copied	
blackmatrix-apple	18	USER-AGENT,*FindMyiPhone?	E: broad keyword/user-agent not identity evidence; not copied	
blackmatrix-apple	19	USER-AGENT,*Music?	E: broad keyword/user-agent not identity evidence; not copied	
blackmatrix-apple	20	USER-AGENT,*WeatherFoundation*	E: broad keyword/user-agent not identity evidence; not copied	
blackmatrix-apple	21	USER-AGENT,*com.apple.Maps?	E: broad keyword/user-agent not identity evidence; not copied	
blackmatrix-apple	22	USER-AGENT,*com.apple.mobileme.fmip1	E: broad keyword/user-agent not identity evidence; not copied	
blackmatrix-apple	23	USER-AGENT,FMDClient*	E: broad keyword/user-agent not identity evidence; not copied	
blackmatrix-apple	24	USER-AGENT,FMFD*	E: broad keyword/user-agent not identity evidence; not copied	
blackmatrix-apple	25	USER-AGENT,FindMyFriends*	E: broad keyword/user-agent not identity evidence; not copied	
blackmatrix-apple	26	USER-AGENT,FindMyiPhone*	E: broad keyword/user-agent not identity evidence; not copied	
blackmatrix-apple	27	USER-AGENT,Maps*	E: broad keyword/user-agent not identity evidence; not copied	
blackmatrix-apple	28	USER-AGENT,Wallet*	E: broad keyword/user-agent not identity evidence; not copied	
blackmatrix-apple	29	USER-AGENT,com.apple.Maps	E: broad keyword/user-agent not identity evidence; not copied	
blackmatrix-apple	30	USER-AGENT,com.apple.appstored*	E: broad keyword/user-agent not identity evidence; not copied	
blackmatrix-apple	31	USER-AGENT,fmflocatord*	E: broad keyword/user-agent not identity evidence; not copied	
blackmatrix-apple	32	USER-AGENT,geod*	E: broad keyword/user-agent not identity evidence; not copied	
blackmatrix-apple	33	USER-AGENT,locationd*	E: broad keyword/user-agent not identity evidence; not copied	
blackmatrix-apple	34	USER-AGENT,passd*	E: broad keyword/user-agent not identity evidence; not copied	
blackmatrix-apple	35	USER-AGENT,Music*	E: broad keyword/user-agent not identity evidence; not copied	
blackmatrix-apple	36	USER-AGENT,AppleNews*	E: broad keyword/user-agent not identity evidence; not copied	
blackmatrix-apple	37	USER-AGENT,AppleTV*	E: broad keyword/user-agent not identity evidence; not copied	
blackmatrix-apple	38	USER-AGENT,com.apple.news*	E: broad keyword/user-agent not identity evidence; not copied	
blackmatrix-apple	39	USER-AGENT,com.apple.trustd*	E: broad keyword/user-agent not identity evidence; not copied	
blackmatrix-apple	40	USER-AGENT,com.apple.tv*	E: broad keyword/user-agent not identity evidence; not copied	
blackmatrix-apple	41	IP-CIDR,139.178.128.0/18,no-resolve	F: registered space covered	139.178.128.0/17
blackmatrix-apple	42	IP-CIDR,144.178.0.0/19,no-resolve	F: registered space covered	144.178.0.0/18
blackmatrix-apple	43	IP-CIDR,144.178.36.0/22,no-resolve	F: registered space covered	144.178.0.0/18
blackmatrix-apple	44	IP-CIDR,144.178.48.0/20,no-resolve	F: registered space covered	144.178.0.0/18
blackmatrix-apple	45	IP-CIDR,17.0.0.0/8,no-resolve	F: registered space covered	17.0.0.0/8
blackmatrix-apple	46	IP-CIDR,192.35.50.0/24,no-resolve	F: registered space covered	192.35.50.0/24
blackmatrix-apple	47	IP-CIDR,198.183.17.0/24,no-resolve	F: registered space covered	198.183.17.0/24
blackmatrix-apple	48	IP-CIDR,205.180.175.0/24,no-resolve	F: 205.180.175.0/24 not Apple-confirmed; not added	
blackmatrix-apple	49	IP-CIDR,2403:300::/32,no-resolve	F: registered space covered	2403:300::/32
blackmatrix-apple	50	IP-CIDR,2620:149::/32,no-resolve	F: registered space covered	2620:149::/32
blackmatrix-apple	51	IP-CIDR,2a01:b740::/32,no-resolve	F: registered space covered	2a01:b740::/32
blackmatrix-apple	52	IP-CIDR,63.92.224.0/19,no-resolve	F: registered space covered	63.92.224.0/19
blackmatrix-apple	53	IP-CIDR,65.199.22.0/23,no-resolve	F: registered space covered	65.199.22.0/23
apple-domains	11	.100beatscheap.com	E: current ownership/use unverified; not added	
apple-domains	12	.12diasdepresentesdeitunes.com	E: current ownership/use unverified; not added	
apple-domains	13	.12diasderegalosdeitunes.cl	E: current ownership/use unverified; not added	
apple-domains	14	.12diasderegalosdeitunes.co	E: current ownership/use unverified; not added	
apple-domains	15	.12diasderegalosdeitunes.co.cr	E: current ownership/use unverified; not added	
apple-domains	16	.12diasderegalosdeitunes.co.ni	E: current ownership/use unverified; not added	
apple-domains	17	.12diasderegalosdeitunes.co.ve	E: current ownership/use unverified; not added	
apple-domains	18	.12diasderegalosdeitunes.com	E: current ownership/use unverified; not added	
apple-domains	19	.12diasderegalosdeitunes.com.co	E: current ownership/use unverified; not added	
apple-domains	20	.12diasderegalosdeitunes.com.hn	E: current ownership/use unverified; not added	
apple-domains	21	.12diasderegalosdeitunes.com.ni	E: current ownership/use unverified; not added	
apple-domains	22	.12diasderegalosdeitunes.com.ve	E: current ownership/use unverified; not added	
apple-domains	23	.12diasderegalosdeitunes.cr	E: current ownership/use unverified; not added	
apple-domains	24	.12diasderegalosdeitunes.gt	E: current ownership/use unverified; not added	
apple-domains	25	.12diasderegalosdeitunes.hn	E: current ownership/use unverified; not added	
apple-domains	26	.12diasderegalosdeitunes.pe	E: current ownership/use unverified; not added	
apple-domains	27	.12joursdecadeauxdeitunes.com	E: current ownership/use unverified; not added	
apple-domains	28	.1monsterbeatsbydreus.com	E: current ownership/use unverified; not added	
apple-domains	29	.1to1computing.com.au	E: current ownership/use unverified; not added	
apple-domains	30	.1to1conference.com.au	E: current ownership/use unverified; not added	
apple-domains	31	.2013beatsbydrdreonline.com	E: current ownership/use unverified; not added	
apple-domains	32	.2013beatsbydrdreshop.com	E: current ownership/use unverified; not added	
apple-domains	33	.2013beatsbydreshop.com	E: current ownership/use unverified; not added	
apple-domains	34	.2013beatshdcybermonday.com	E: current ownership/use unverified; not added	
apple-domains	35	.2013cheapestbeats.com	E: current ownership/use unverified; not added	
apple-domains	36	.2013newbeatsworld.com	E: current ownership/use unverified; not added	
apple-domains	37	.2013pascherbeatsbydre.com	E: current ownership/use unverified; not added	
apple-domains	38	.2014cheapbeatsbydre.com	E: current ownership/use unverified; not added	
apple-domains	39	.2beatsdre.com	E: current ownership/use unverified; not added	
apple-domains	40	.2buybeatsbydre.com	E: current ownership/use unverified; not added	
apple-domains	41	.2drdrebeats.com	E: current ownership/use unverified; not added	
apple-domains	42	.40shopping.com	E: current ownership/use unverified; not added	
apple-domains	43	.4beatsbydre.com	E: current ownership/use unverified; not added	
apple-domains	44	.5beatsbydre.com	E: current ownership/use unverified; not added	
apple-domains	45	.5lml.com	E: current ownership/use unverified; not added	
apple-domains	46	.a0pple.net	E: current ownership/use unverified; not added	
apple-domains	47	.aaagradeheadphones.com	E: current ownership/use unverified; not added	
apple-domains	48	.aanaan.com	E: current ownership/use unverified; not added	
apple-domains	49	.aapl.tw	E: current ownership/use unverified; not added	
apple-domains	50	.aaplimg.com	A: covered	DOMAIN-SUFFIX,aaplimg.com,DIRECT
apple-domains	51	.abcheadphones.com	E: current ownership/use unverified; not added	
apple-domains	52	.abeatsbydrdre.com	E: current ownership/use unverified; not added	
apple-domains	53	.aeasyshop.com	E: current ownership/use unverified; not added	
apple-domains	54	.airmay.com	E: current ownership/use unverified; not added	
apple-domains	55	.airport.brussels	E: current ownership/use unverified; not added	
apple-domains	56	.airport.com	E: current ownership/use unverified; not added	
apple-domains	57	.airport.eu	E: current ownership/use unverified; not added	
apple-domains	58	.airsupportapp.com	E: current ownership/use unverified; not added	
apple-domains	59	.airtunes.com	E: current ownership/use unverified; not added	
apple-domains	60	.airtunes.info	E: current ownership/use unverified; not added	
apple-domains	61	.airtunes.net	E: current ownership/use unverified; not added	
apple-domains	62	.ajtalk.com	E: current ownership/use unverified; not added	
apple-domains	63	.akadns.net	D: shared provider; no broad exception	
apple-domains	64	.albeats.com	E: current ownership/use unverified; not added	
apple-domains	65	.alchemysynth.com	E: current ownership/use unverified; not added	
apple-domains	66	.annstores.net	E: current ownership/use unverified; not added	
apple-domains	67	.aokwholesale.net	E: current ownership/use unverified; not added	
apple-domains	68	.ap0le.com	E: current ownership/use unverified; not added	
apple-domains	69	.aple.com	E: current ownership/use unverified; not added	
apple-domains	70	.aplestore.com	E: current ownership/use unverified; not added	
apple-domains	71	.aplleipods.com	E: current ownership/use unverified; not added	
apple-domains	72	.apole.com	E: current ownership/use unverified; not added	
apple-domains	73	.app-store.wang	E: current ownership/use unverified; not added	
apple-domains	74	.app0le.com	E: current ownership/use unverified; not added	
apple-domains	75	.appe-store.com	E: current ownership/use unverified; not added	
apple-domains	76	.appl-e.com	E: current ownership/use unverified; not added	
apple-domains	77	.appl.com	E: current ownership/use unverified; not added	
apple-domains	78	.appl4e.com	E: current ownership/use unverified; not added	
apple-domains	79	.appla.com	E: current ownership/use unverified; not added	
apple-domains	80	.appldnld.apple.com.edgesuite.net	E: current ownership/use unverified; not added	
apple-domains	81	.apple-appstore.cn	E: current ownership/use unverified; not added	
apple-domains	82	.apple-cloudkit.com	A: covered	DOMAIN-SUFFIX,apple-cloudkit.com,DIRECT
apple-domains	83	.apple-darwin.com	E: current ownership/use unverified; not added	
apple-domains	84	.apple-darwin.net	E: current ownership/use unverified; not added	
apple-domains	85	.apple-darwin.org	E: current ownership/use unverified; not added	
apple-domains	86	.apple-dns.cn	A: covered	DOMAIN-SUFFIX,apple-dns.cn,DIRECT
apple-domains	87	.apple-dns.com	A: covered	DOMAIN-SUFFIX,apple-dns.com,DIRECT
apple-domains	88	.apple-dns.com.cn	A: covered	DOMAIN-SUFFIX,apple-dns.com.cn,DIRECT
apple-domains	89	.apple-dns.net	A: covered	DOMAIN-SUFFIX,apple-dns.net,DIRECT
apple-domains	90	.apple-enews.com	E: current ownership/use unverified; not added	
apple-domains	91	.apple-expo.com	E: current ownership/use unverified; not added	
apple-domains	92	.apple-expo.eu	E: current ownership/use unverified; not added	
apple-domains	93	.apple-hk.com	E: current ownership/use unverified; not added	
apple-domains	94	.apple-ibooks.cn	E: current ownership/use unverified; not added	
apple-domains	95	.apple-icloud.cn	E: current ownership/use unverified; not added	
apple-domains	96	.apple-imac.com	E: current ownership/use unverified; not added	
apple-domains	97	.apple-inc.net	E: current ownership/use unverified; not added	
apple-domains	98	.apple-itunes.cn	E: current ownership/use unverified; not added	
apple-domains	99	.apple-livephotoskit.com	A: covered	DOMAIN-SUFFIX,apple-livephotoskit.com,DIRECT
apple-domains	100	.apple-mapkit.com	A: covered	DOMAIN-SUFFIX,apple-mapkit.com,DIRECT
apple-domains	101	.apple-maps.cn	E: current ownership/use unverified; not added	
apple-domains	102	.apple-online.com	E: current ownership/use unverified; not added	
apple-domains	103	.apple-pay.com	E: current ownership/use unverified; not added	
apple-domains	104	.apple-pay.rs	E: current ownership/use unverified; not added	
apple-domains	105	.apple-pay.wang	E: current ownership/use unverified; not added	
apple-domains	106	.apple-store.cn	E: current ownership/use unverified; not added	
apple-domains	107	.apple-store.net	E: current ownership/use unverified; not added	
apple-domains	108	.apple-store.wang	E: current ownership/use unverified; not added	
apple-domains	109	.apple-usa.net	E: current ownership/use unverified; not added	
apple-domains	110	.apple-watch.com.ru	E: current ownership/use unverified; not added	
apple-domains	111	.apple.ae	E: current ownership/use unverified; not added	
apple-domains	112	.apple.at	E: current ownership/use unverified; not added	
apple-domains	113	.apple.be	E: current ownership/use unverified; not added	
apple-domains	114	.apple.bg	E: current ownership/use unverified; not added	
apple-domains	115	.apple.bs	E: current ownership/use unverified; not added	
apple-domains	116	.apple.ca	E: current ownership/use unverified; not added	
apple-domains	117	.apple.ch	E: current ownership/use unverified; not added	
apple-domains	118	.apple.cl	E: current ownership/use unverified; not added	
apple-domains	119	.apple.cm	E: current ownership/use unverified; not added	
apple-domains	120	.apple.cn	E: current ownership/use unverified; not added	
apple-domains	121	.apple.co	A: covered	DOMAIN-SUFFIX,apple.co,DIRECT
apple-domains	122	.apple.co.cr	E: current ownership/use unverified; not added	
apple-domains	123	.apple.co.hu	E: current ownership/use unverified; not added	
apple-domains	124	.apple.co.jp	E: current ownership/use unverified; not added	
apple-domains	125	.apple.co.kr	E: current ownership/use unverified; not added	
apple-domains	126	.apple.co.mz	E: current ownership/use unverified; not added	
apple-domains	127	.apple.co.nz	E: current ownership/use unverified; not added	
apple-domains	128	.apple.co.th	E: current ownership/use unverified; not added	
apple-domains	129	.apple.co.uk	E: current ownership/use unverified; not added	
apple-domains	130	.apple.com	A: covered	DOMAIN-SUFFIX,apple.com,DIRECT
apple-domains	131	.apple.com.af	E: current ownership/use unverified; not added	
apple-domains	132	.apple.com.au	E: current ownership/use unverified; not added	
apple-domains	133	.apple.com.bo	E: current ownership/use unverified; not added	
apple-domains	134	.apple.com.br	E: current ownership/use unverified; not added	
apple-domains	135	.apple.com.cdn20.com	A: covered	DOMAIN-SUFFIX,apple.com.cdn20.com,DIRECT
apple-domains	136	.apple.com.cn	A: covered	DOMAIN-SUFFIX,apple.com.cn,DIRECT
apple-domains	137	.apple.com.co	E: current ownership/use unverified; not added	
apple-domains	138	.apple.com.de	E: current ownership/use unverified; not added	
apple-domains	139	.apple.com.do	E: current ownership/use unverified; not added	
apple-domains	140	.apple.com.gr	E: current ownership/use unverified; not added	
apple-domains	141	.apple.com.gy	E: current ownership/use unverified; not added	
apple-domains	142	.apple.com.jm	E: current ownership/use unverified; not added	
apple-domains	143	.apple.com.lk	E: current ownership/use unverified; not added	
apple-domains	144	.apple.com.mg	E: current ownership/use unverified; not added	
apple-domains	145	.apple.com.mwcloudcdn.com	E: current ownership/use unverified; not added	
apple-domains	146	.apple.com.mwcname.com	E: current ownership/use unverified; not added	
apple-domains	147	.apple.com.mx	E: current ownership/use unverified; not added	
apple-domains	148	.apple.com.my	E: current ownership/use unverified; not added	
apple-domains	149	.apple.com.pa	E: current ownership/use unverified; not added	
apple-domains	150	.apple.com.pe	E: current ownership/use unverified; not added	
apple-domains	151	.apple.com.pl	E: current ownership/use unverified; not added	
apple-domains	152	.apple.com.pr	E: current ownership/use unverified; not added	
apple-domains	153	.apple.com.pt	E: current ownership/use unverified; not added	
apple-domains	154	.apple.com.py	E: current ownership/use unverified; not added	
apple-domains	155	.apple.com.sg	E: current ownership/use unverified; not added	
apple-domains	156	.apple.com.sv	E: current ownership/use unverified; not added	
apple-domains	157	.apple.com.tr	E: current ownership/use unverified; not added	
apple-domains	158	.apple.com.tw	E: current ownership/use unverified; not added	
apple-domains	159	.apple.com.uy	E: current ownership/use unverified; not added	
apple-domains	160	.apple.comscoreresearch.com	E: current ownership/use unverified; not added	
apple-domains	161	.apple.cz	E: current ownership/use unverified; not added	
apple-domains	162	.apple.de	E: current ownership/use unverified; not added	
apple-domains	163	.apple.dk	E: current ownership/use unverified; not added	
apple-domains	164	.apple.ee	E: current ownership/use unverified; not added	
apple-domains	165	.apple.es	E: current ownership/use unverified; not added	
apple-domains	166	.apple.eu	E: current ownership/use unverified; not added	
apple-domains	167	.apple.fi	E: current ownership/use unverified; not added	
apple-domains	168	.apple.fr	E: current ownership/use unverified; not added	
apple-domains	169	.apple.hamburg	E: current ownership/use unverified; not added	
apple-domains	170	.apple.hn	E: current ownership/use unverified; not added	
apple-domains	171	.apple.hr	E: current ownership/use unverified; not added	
apple-domains	172	.apple.hu	E: current ownership/use unverified; not added	
apple-domains	173	.apple.ie	E: current ownership/use unverified; not added	
apple-domains	174	.apple.in	E: current ownership/use unverified; not added	
apple-domains	175	.apple.is	E: current ownership/use unverified; not added	
apple-domains	176	.apple.it	E: current ownership/use unverified; not added	
apple-domains	177	.apple.jo	E: current ownership/use unverified; not added	
apple-domains	178	.apple.jp	E: current ownership/use unverified; not added	
apple-domains	179	.apple.kr	E: current ownership/use unverified; not added	
apple-domains	180	.apple.lk	E: current ownership/use unverified; not added	
apple-domains	181	.apple.lt	E: current ownership/use unverified; not added	
apple-domains	182	.apple.lv	E: current ownership/use unverified; not added	
apple-domains	183	.apple.me	E: current ownership/use unverified; not added	
apple-domains	184	.apple.my	E: current ownership/use unverified; not added	
apple-domains	185	.apple.net	E: current ownership/use unverified; not added	
apple-domains	186	.apple.net.gr	E: current ownership/use unverified; not added	
apple-domains	187	.apple.news	A: covered	DOMAIN-SUFFIX,apple.news,DIRECT
apple-domains	188	.apple.nl	E: current ownership/use unverified; not added	
apple-domains	189	.apple.no	E: current ownership/use unverified; not added	
apple-domains	190	.apple.pk	E: current ownership/use unverified; not added	
apple-domains	191	.apple.pl	E: current ownership/use unverified; not added	
apple-domains	192	.apple.pt	E: current ownership/use unverified; not added	
apple-domains	193	.apple.ro	E: current ownership/use unverified; not added	
apple-domains	194	.apple.rs	E: current ownership/use unverified; not added	
apple-domains	195	.apple.ru	E: current ownership/use unverified; not added	
apple-domains	196	.apple.sa	E: current ownership/use unverified; not added	
apple-domains	197	.apple.se	E: current ownership/use unverified; not added	
apple-domains	198	.apple.sg	E: current ownership/use unverified; not added	
apple-domains	199	.apple.si	E: current ownership/use unverified; not added	
apple-domains	200	.apple.sk	E: current ownership/use unverified; not added	
apple-domains	201	.apple.so	E: current ownership/use unverified; not added	
apple-domains	202	.apple.tt	E: current ownership/use unverified; not added	
apple-domains	203	.apple.tw	E: current ownership/use unverified; not added	
apple-domains	204	.apple.uk	E: current ownership/use unverified; not added	
apple-domains	205	.apple.us	E: current ownership/use unverified; not added	
apple-domains	206	.apple.xn--czr694b	E: current ownership/use unverified; not added	
apple-domains	207	.apple.xn--fiqs8s	E: current ownership/use unverified; not added	
apple-domains	208	.apple.xyz	E: current ownership/use unverified; not added	
apple-domains	209	.appleaccount.net	E: current ownership/use unverified; not added	
apple-domains	210	.appleafrica.com	E: current ownership/use unverified; not added	
apple-domains	211	.appleantilles.com	E: current ownership/use unverified; not added	
apple-domains	212	.appleappstore.cn	E: current ownership/use unverified; not added	
apple-domains	213	.appleappstore.net	E: current ownership/use unverified; not added	
apple-domains	214	.appleappstore.tv	E: current ownership/use unverified; not added	
apple-domains	215	.appleaustralia.com	E: current ownership/use unverified; not added	
apple-domains	216	.appleaustralia.com.au	E: current ownership/use unverified; not added	
apple-domains	217	.appleaustralia.net.au	E: current ownership/use unverified; not added	
apple-domains	218	.applebk.net	E: current ownership/use unverified; not added	
apple-domains	219	.applecarbon.com	E: current ownership/use unverified; not added	
apple-domains	220	.applecard.tv	E: current ownership/use unverified; not added	
apple-domains	221	.applecare.berlin	E: current ownership/use unverified; not added	
apple-domains	222	.applecare.cc	E: current ownership/use unverified; not added	
apple-domains	223	.applecare.eu	E: current ownership/use unverified; not added	
apple-domains	224	.applecare.hamburg	E: current ownership/use unverified; not added	
apple-domains	225	.applecare.wang	E: current ownership/use unverified; not added	
apple-domains	226	.applecentar.co.rs	E: current ownership/use unverified; not added	
apple-domains	227	.applecentar.rs	E: current ownership/use unverified; not added	
apple-domains	228	.applecenter.cn	E: current ownership/use unverified; not added	
apple-domains	229	.applecenter.com.cn	E: current ownership/use unverified; not added	
apple-domains	230	.applecentre.com.au	E: current ownership/use unverified; not added	
apple-domains	231	.applecentre.info	E: current ownership/use unverified; not added	
apple-domains	232	.appleclassicipod.com	E: current ownership/use unverified; not added	
apple-domains	233	.appleclub.com.hk	E: current ownership/use unverified; not added	
apple-domains	234	.applecom.com	E: current ownership/use unverified; not added	
apple-domains	235	.applecomputer-imac.com	E: current ownership/use unverified; not added	
apple-domains	236	.applecomputer.cn	E: current ownership/use unverified; not added	
apple-domains	237	.applecomputer.co.in	E: current ownership/use unverified; not added	
apple-domains	238	.applecomputer.co.nz	E: current ownership/use unverified; not added	
apple-domains	239	.applecomputer.com	E: current ownership/use unverified; not added	
apple-domains	240	.applecomputer.com.cn	E: current ownership/use unverified; not added	
apple-domains	241	.applecomputer.com.hk	E: current ownership/use unverified; not added	
apple-domains	242	.applecomputer.com.tw	E: current ownership/use unverified; not added	
apple-domains	243	.applecomputer.hu	E: current ownership/use unverified; not added	
apple-domains	244	.applecomputer.kr	E: current ownership/use unverified; not added	
apple-domains	245	.applecomputerimac.com	E: current ownership/use unverified; not added	
apple-domains	246	.applecomputerinc.info	E: current ownership/use unverified; not added	
apple-domains	247	.applecomputers.co.nz	E: current ownership/use unverified; not added	
apple-domains	248	.applecoronavirus.com	E: current ownership/use unverified; not added	
apple-domains	249	.appledarwin.com	E: current ownership/use unverified; not added	
apple-domains	250	.appledarwin.net	E: current ownership/use unverified; not added	
apple-domains	251	.appledns.cn	E: current ownership/use unverified; not added	
apple-domains	252	.appledns.com.cn	E: current ownership/use unverified; not added	
apple-domains	253	.appleenews.com	E: current ownership/use unverified; not added	
apple-domains	254	.appleexpo.eu	E: current ownership/use unverified; not added	
apple-domains	255	.appleexpo.info	E: current ownership/use unverified; not added	
apple-domains	256	.applefilmaker.com	E: current ownership/use unverified; not added	
apple-domains	257	.applefilmmaker.com	E: current ownership/use unverified; not added	
apple-domains	258	.applefinalcutproworld.com	E: current ownership/use unverified; not added	
apple-domains	259	.applefinalcutproworld.net	E: current ownership/use unverified; not added	
apple-domains	260	.applefinalcutproworld.org	E: current ownership/use unverified; not added	
apple-domains	261	.applehongkong.com	E: current ownership/use unverified; not added	
apple-domains	262	.applehongkong.com.hk	E: current ownership/use unverified; not added	
apple-domains	263	.appleicloud.cn	E: current ownership/use unverified; not added	
apple-domains	264	.appleid-applemx.com	E: current ownership/use unverified; not added	
apple-domains	265	.appleid-applemx.us	E: current ownership/use unverified; not added	
apple-domains	266	.appleid-iclou.com	E: current ownership/use unverified; not added	
apple-domains	267	.appleid-uk.us	E: current ownership/use unverified; not added	
apple-domains	268	.appleid.berlin	E: current ownership/use unverified; not added	
apple-domains	269	.appleid.com	E: current ownership/use unverified; not added	
apple-domains	270	.appleid.hamburg	E: current ownership/use unverified; not added	
apple-domains	271	.appleid.hk	E: current ownership/use unverified; not added	
apple-domains	272	.appleimac.com	E: current ownership/use unverified; not added	
apple-domains	273	.appleinclegal.com	E: current ownership/use unverified; not added	
apple-domains	274	.appleiphone.hu	E: current ownership/use unverified; not added	
apple-domains	275	.appleiphone.net	E: current ownership/use unverified; not added	
apple-domains	276	.appleiphonecell.com	E: current ownership/use unverified; not added	
apple-domains	277	.appleipodsettlement.com	E: current ownership/use unverified; not added	
apple-domains	278	.appleiservices.com	E: current ownership/use unverified; not added	
apple-domains	279	.applelink.com	E: current ownership/use unverified; not added	
apple-domains	280	.applemagickeyboard.com	E: current ownership/use unverified; not added	
apple-domains	281	.applemalaysia.com.my	E: current ownership/use unverified; not added	
apple-domains	282	.applemasters.info	E: current ownership/use unverified; not added	
apple-domains	283	.applemusic.berlin	E: current ownership/use unverified; not added	
apple-domains	284	.applemusic.co	E: current ownership/use unverified; not added	
apple-domains	285	.applemusic.com	A: covered	DOMAIN-SUFFIX,applemusic.com,DIRECT
apple-domains	286	.applemusic.com.au	E: current ownership/use unverified; not added	
apple-domains	287	.applemusic.hamburg	E: current ownership/use unverified; not added	
apple-domains	288	.applemusic.wang	E: current ownership/use unverified; not added	
apple-domains	289	.applemusicconnect.com	E: current ownership/use unverified; not added	
apple-domains	290	.applemusicfestival.com	E: current ownership/use unverified; not added	
apple-domains	291	.applemx-icloud.com	E: current ownership/use unverified; not added	
apple-domains	292	.applenews.berlin	E: current ownership/use unverified; not added	
apple-domains	293	.applenews.hamburg	E: current ownership/use unverified; not added	
apple-domains	294	.applenews.tv	E: current ownership/use unverified; not added	
apple-domains	295	.applenewsformat.com	E: current ownership/use unverified; not added	
apple-domains	296	.appleone.audio	E: current ownership/use unverified; not added	
apple-domains	297	.appleone.blog	E: current ownership/use unverified; not added	
apple-domains	298	.appleone.chat	E: current ownership/use unverified; not added	
apple-domains	299	.appleone.cloud	E: current ownership/use unverified; not added	
apple-domains	300	.appleone.club	E: current ownership/use unverified; not added	
apple-domains	301	.appleone.community	E: current ownership/use unverified; not added	
apple-domains	302	.appleone.film	E: current ownership/use unverified; not added	
apple-domains	303	.appleone.guide	E: current ownership/use unverified; not added	
apple-domains	304	.appleone.host	E: current ownership/use unverified; not added	
apple-domains	305	.appleone.space	E: current ownership/use unverified; not added	
apple-domains	306	.appleone.tech	E: current ownership/use unverified; not added	
apple-domains	307	.appleone.website	E: current ownership/use unverified; not added	
apple-domains	308	.appleonline.com	E: current ownership/use unverified; not added	
apple-domains	309	.appleonline.net	E: current ownership/use unverified; not added	
apple-domains	310	.appleoriginalproductions.com	E: current ownership/use unverified; not added	
apple-domains	311	.appleos.tv	E: current ownership/use unverified; not added	
apple-domains	312	.applepay.berlin	E: current ownership/use unverified; not added	
apple-domains	313	.applepay.co.rs	E: current ownership/use unverified; not added	
apple-domains	314	.applepay.com.tw	E: current ownership/use unverified; not added	
apple-domains	315	.applepay.hamburg	E: current ownership/use unverified; not added	
apple-domains	316	.applepay.hk	E: current ownership/use unverified; not added	
apple-domains	317	.applepay.info	E: current ownership/use unverified; not added	
apple-domains	318	.applepay.jp	E: current ownership/use unverified; not added	
apple-domains	319	.applepay.rs	E: current ownership/use unverified; not added	
apple-domains	320	.applepay.tv	E: current ownership/use unverified; not added	
apple-domains	321	.applepaycash.cn	E: current ownership/use unverified; not added	
apple-domains	322	.applepaycash.com.cn	E: current ownership/use unverified; not added	
apple-domains	323	.applepaycash.net	E: current ownership/use unverified; not added	
apple-domains	324	.applepaycash.tv	E: current ownership/use unverified; not added	
apple-domains	325	.applepaymerchantsupplies.info	E: current ownership/use unverified; not added	
apple-domains	326	.applepaysupplies.berlin	E: current ownership/use unverified; not added	
apple-domains	327	.applepaysupplies.cn	E: current ownership/use unverified; not added	
apple-domains	328	.applepaysupplies.com	E: current ownership/use unverified; not added	
apple-domains	329	.applepaysupplies.com.cn	E: current ownership/use unverified; not added	
apple-domains	330	.applepaysupplies.info	E: current ownership/use unverified; not added	
apple-domains	331	.applepaysupplies.net	E: current ownership/use unverified; not added	
apple-domains	332	.applepaysupplies.tv	E: current ownership/use unverified; not added	
apple-domains	333	.applepencil.net	E: current ownership/use unverified; not added	
apple-domains	334	.applepodcasts.com	E: current ownership/use unverified; not added	
apple-domains	335	.applepremiumreseller.com.au	E: current ownership/use unverified; not added	
apple-domains	336	.applepremiumresellers.com.au	E: current ownership/use unverified; not added	
apple-domains	337	.applereach.com	E: current ownership/use unverified; not added	
apple-domains	338	.applereach.net	E: current ownership/use unverified; not added	
apple-domains	339	.apples-msk.ru	E: current ownership/use unverified; not added	
apple-domains	340	.appleschoolcontent.com	A: covered	DOMAIN-SUFFIX,appleschoolcontent.com,DIRECT
apple-domains	341	.applescreensavers.com	E: current ownership/use unverified; not added	
apple-domains	342	.applescript.info	E: current ownership/use unverified; not added	
apple-domains	343	.appleshare.info	E: current ownership/use unverified; not added	
apple-domains	344	.appleshop.co.uk	E: current ownership/use unverified; not added	
apple-domains	345	.applesiri.cn	E: current ownership/use unverified; not added	
apple-domains	346	.applestor.com	E: current ownership/use unverified; not added	
apple-domains	347	.applestore.bg	E: current ownership/use unverified; not added	
apple-domains	348	.applestore.cc	E: current ownership/use unverified; not added	
apple-domains	349	.applestore.ch	E: current ownership/use unverified; not added	
apple-domains	350	.applestore.cm	E: current ownership/use unverified; not added	
apple-domains	351	.applestore.cn	E: current ownership/use unverified; not added	
apple-domains	352	.applestore.co.hu	E: current ownership/use unverified; not added	
apple-domains	353	.applestore.co.jp	E: current ownership/use unverified; not added	
apple-domains	354	.applestore.co.ug	E: current ownership/use unverified; not added	
apple-domains	355	.applestore.co.uk	E: current ownership/use unverified; not added	
apple-domains	356	.applestore.com	E: current ownership/use unverified; not added	
apple-domains	357	.applestore.com.au	E: current ownership/use unverified; not added	
apple-domains	358	.applestore.com.bn	E: current ownership/use unverified; not added	
apple-domains	359	.applestore.com.cn	E: current ownership/use unverified; not added	
apple-domains	360	.applestore.com.ee	E: current ownership/use unverified; not added	
apple-domains	361	.applestore.com.eg	E: current ownership/use unverified; not added	
apple-domains	362	.applestore.com.gr	E: current ownership/use unverified; not added	
apple-domains	363	.applestore.com.hk	E: current ownership/use unverified; not added	
apple-domains	364	.applestore.com.hr	E: current ownership/use unverified; not added	
apple-domains	365	.applestore.com.jo	E: current ownership/use unverified; not added	
apple-domains	366	.applestore.com.my	E: current ownership/use unverified; not added	
apple-domains	367	.applestore.com.ph	E: current ownership/use unverified; not added	
apple-domains	368	.applestore.com.pl	E: current ownership/use unverified; not added	
apple-domains	369	.applestore.com.pt	E: current ownership/use unverified; not added	
apple-domains	370	.applestore.com.ro	E: current ownership/use unverified; not added	
apple-domains	371	.applestore.com.ru	E: current ownership/use unverified; not added	
apple-domains	372	.applestore.com.sn	E: current ownership/use unverified; not added	
apple-domains	373	.applestore.com.tw	E: current ownership/use unverified; not added	
apple-domains	374	.applestore.de	E: current ownership/use unverified; not added	
apple-domains	375	.applestore.hk	E: current ownership/use unverified; not added	
apple-domains	376	.applestore.kr	E: current ownership/use unverified; not added	
apple-domains	377	.applestore.me	E: current ownership/use unverified; not added	
apple-domains	378	.applestore.net	E: current ownership/use unverified; not added	
apple-domains	379	.applestore.net.gr	E: current ownership/use unverified; not added	
apple-domains	380	.applestore.ph	E: current ownership/use unverified; not added	
apple-domains	381	.applestore.qa	E: current ownership/use unverified; not added	
apple-domains	382	.applestore.sg	E: current ownership/use unverified; not added	
apple-domains	383	.applestore.wang	E: current ownership/use unverified; not added	
apple-domains	384	.applestoreonline.com	E: current ownership/use unverified; not added	
apple-domains	385	.applestorepro.eu	E: current ownership/use unverified; not added	
apple-domains	386	.applesurveys.com	E: current ownership/use unverified; not added	
apple-domains	387	.appleswift.com	E: current ownership/use unverified; not added	
apple-domains	388	.appletaiwan.com	E: current ownership/use unverified; not added	
apple-domains	389	.appletips.net	E: current ownership/use unverified; not added	
apple-domains	390	.appletv.com	A: covered	DOMAIN-SUFFIX,appletv.com,DIRECT
apple-domains	391	.appletv.fr	E: current ownership/use unverified; not added	
apple-domains	392	.appletv.wang	E: current ownership/use unverified; not added	
apple-domains	393	.appletv4.cn	E: current ownership/use unverified; not added	
apple-domains	394	.appletv4.com.cn	E: current ownership/use unverified; not added	
apple-domains	395	.appletvapp.apple	A: covered	DOMAIN-SUFFIX,apple,DIRECT
apple-domains	396	.applewallet.com	E: current ownership/use unverified; not added	
apple-domains	397	.applewallet.tv	E: current ownership/use unverified; not added	
apple-domains	398	.applewatch.hk	E: current ownership/use unverified; not added	
apple-domains	399	.applewatch.tv	E: current ownership/use unverified; not added	
apple-domains	400	.applewatch.tw	E: current ownership/use unverified; not added	
apple-domains	401	.applewatch.wang	E: current ownership/use unverified; not added	
apple-domains	402	.applewatchedition.com	E: current ownership/use unverified; not added	
apple-domains	403	.applewatchseries3.net	E: current ownership/use unverified; not added	
apple-domains	404	.applewatchsport.com	E: current ownership/use unverified; not added	
apple-domains	405	.appleweb.net	E: current ownership/use unverified; not added	
apple-domains	406	.applexpo.net	E: current ownership/use unverified; not added	
apple-domains	407	.applezh.com	E: current ownership/use unverified; not added	
apple-domains	408	.applf.com	E: current ownership/use unverified; not added	
apple-domains	409	.applfe.com	E: current ownership/use unverified; not added	
apple-domains	410	.applle.com	E: current ownership/use unverified; not added	
apple-domains	411	.applw.com	E: current ownership/use unverified; not added	
apple-domains	412	.appmediagroup.com	E: current ownership/use unverified; not added	
apple-domains	413	.appsto.re	A: covered	DOMAIN-SUFFIX,appsto.re,DIRECT
apple-domains	414	.appstore.co.id	E: current ownership/use unverified; not added	
apple-domains	415	.appstore.com	A: covered	DOMAIN-SUFFIX,appstore.com,DIRECT
apple-domains	416	.appstore.hk	E: current ownership/use unverified; not added	
apple-domains	417	.appstore.my	E: current ownership/use unverified; not added	
apple-domains	418	.appstore.ph	E: current ownership/use unverified; not added	
apple-domains	419	.appstoreapple.cn	E: current ownership/use unverified; not added	
apple-domains	420	.appule.com	E: current ownership/use unverified; not added	
apple-domains	421	.appye.com	E: current ownership/use unverified; not added	
apple-domains	422	.apyle.com	E: current ownership/use unverified; not added	
apple-domains	423	.apzones.com	A: covered	DOMAIN-SUFFIX,apzones.com,DIRECT
apple-domains	424	.asto.re	E: current ownership/use unverified; not added	
apple-domains	425	.aucheapbeats.com	E: current ownership/use unverified; not added	
apple-domains	426	.audiobeatsau.com	E: current ownership/use unverified; not added	
apple-domains	427	.audiobeatsbydre.com	E: current ownership/use unverified; not added	
apple-domains	428	.audiomonsterbeatsonline.com	E: current ownership/use unverified; not added	
apple-domains	429	.auricularemonsterbeats.com	E: current ownership/use unverified; not added	
apple-domains	430	.auricularesbeatsbaratosshop.com	E: current ownership/use unverified; not added	
apple-domains	431	.auricularesbeatsmarkt.com	E: current ownership/use unverified; not added	
apple-domains	432	.ausbeatsbydrdre.com	E: current ownership/use unverified; not added	
apple-domains	433	.bag-glasses1.com	E: current ownership/use unverified; not added	
apple-domains	434	.bandgirlz.com	E: current ownership/use unverified; not added	
apple-domains	435	.baxsound.com	E: current ownership/use unverified; not added	
apple-domains	436	.bbestmall.com	E: current ownership/use unverified; not added	
apple-domains	437	.beatbd.com	E: current ownership/use unverified; not added	
apple-domains	438	.beatbydre2013.com	E: current ownership/use unverified; not added	
apple-domains	439	.beatbydreheadphonesonsale.com	E: current ownership/use unverified; not added	
apple-domains	440	.beatbydrekopen.com	E: current ownership/use unverified; not added	
apple-domains	441	.beatbydremonster.com	E: current ownership/use unverified; not added	
apple-domains	442	.beatbydreuk2014.com	E: current ownership/use unverified; not added	
apple-domains	443	.beatdrdres.com	E: current ownership/use unverified; not added	
apple-domains	444	.beatfactoryoutlets.com	E: current ownership/use unverified; not added	
apple-domains	445	.beatmonstersaustralia.net	E: current ownership/use unverified; not added	
apple-domains	446	.beats-by-dre-australia.com	E: current ownership/use unverified; not added	
apple-domains	447	.beats-bydrdre.net	E: current ownership/use unverified; not added	
apple-domains	448	.beats-bydre-mall.com	E: current ownership/use unverified; not added	
apple-domains	449	.beats-bydrecheapsale.com	E: current ownership/use unverified; not added	
apple-domains	450	.beats-bydreoutletonline.com	E: current ownership/use unverified; not added	
apple-domains	451	.beats-bydreoutletsale.com	E: current ownership/use unverified; not added	
apple-domains	452	.beats-bydreoutletsale.net	E: current ownership/use unverified; not added	
apple-domains	453	.beats-bydreoutletssale.net	E: current ownership/use unverified; not added	
apple-domains	454	.beats-bydrestore.com	E: current ownership/use unverified; not added	
apple-domains	455	.beats-bydreuk.com	E: current ownership/use unverified; not added	
apple-domains	456	.beats-deal.com	E: current ownership/use unverified; not added	
apple-domains	457	.beats-dre-us.com	E: current ownership/use unverified; not added	
apple-domains	458	.beats-headphones-buy-cheap.com	E: current ownership/use unverified; not added	
apple-domains	459	.beats-headphones.us	E: current ownership/use unverified; not added	
apple-domains	460	.beats-sale.com	E: current ownership/use unverified; not added	
apple-domains	461	.beats-seller.com	E: current ownership/use unverified; not added	
apple-domains	462	.beats-soaho.com	E: current ownership/use unverified; not added	
apple-domains	463	.beats1.cc	E: current ownership/use unverified; not added	
apple-domains	464	.beats1.cn	E: current ownership/use unverified; not added	
apple-domains	465	.beats1.com.cn	E: current ownership/use unverified; not added	
apple-domains	466	.beats1.tv	E: current ownership/use unverified; not added	
apple-domains	467	.beats123.com	E: current ownership/use unverified; not added	
apple-domains	468	.beats2.com.cn	E: current ownership/use unverified; not added	
apple-domains	469	.beats4.cn	E: current ownership/use unverified; not added	
apple-domains	470	.beats4.net	E: current ownership/use unverified; not added	
apple-domains	471	.beats4outlets.com	E: current ownership/use unverified; not added	
apple-domains	472	.beats4salecheap.com	E: current ownership/use unverified; not added	
apple-domains	473	.beatsallsale.com	E: current ownership/use unverified; not added	
apple-domains	474	.beatsaudifonos.com	E: current ownership/use unverified; not added	
apple-domains	475	.beatsaudiobydre.com	E: current ownership/use unverified; not added	
apple-domains	476	.beatsaudiobydre.net	E: current ownership/use unverified; not added	
apple-domains	477	.beatsaudios.net	E: current ownership/use unverified; not added	
apple-domains	478	.beatsbeatsmonster.com	E: current ownership/use unverified; not added	
apple-domains	479	.beatsbestdeals.com	E: current ownership/use unverified; not added	
apple-domains	480	.beatsblackfridaydeals.net	E: current ownership/use unverified; not added	
apple-domains	481	.beatsblackfridayretails.com	E: current ownership/use unverified; not added	
apple-domains	482	.beatsboxingdayuksale.com	E: current ownership/use unverified; not added	
apple-domains	483	.beatsbydrdre-headphones.com	E: current ownership/use unverified; not added	
apple-domains	484	.beatsbydrdre-officials5.com	E: current ownership/use unverified; not added	
apple-domains	485	.beatsbydrdre-online.com	E: current ownership/use unverified; not added	
apple-domains	486	.beatsbydrdre-onsale.com	E: current ownership/use unverified; not added	
apple-domains	487	.beatsbydrdre-store.com	E: current ownership/use unverified; not added	
apple-domains	488	.beatsbydrdre-store.us	E: current ownership/use unverified; not added	
apple-domains	489	.beatsbydrdre4sale.com	E: current ownership/use unverified; not added	
apple-domains	490	.beatsbydrdrebiz.com	E: current ownership/use unverified; not added	
apple-domains	491	.beatsbydrdrecustom.com	E: current ownership/use unverified; not added	
apple-domains	492	.beatsbydrdredanmark.com	E: current ownership/use unverified; not added	
apple-domains	493	.beatsbydrdremall.com	E: current ownership/use unverified; not added	
apple-domains	494	.beatsbydrdreoutlet.com	E: current ownership/use unverified; not added	
apple-domains	495	.beatsbydrdres.com	E: current ownership/use unverified; not added	
apple-domains	496	.beatsbydrdresale.net	E: current ownership/use unverified; not added	
apple-domains	497	.beatsbydrdrestore.com	E: current ownership/use unverified; not added	
apple-domains	498	.beatsbydrdreus.com	E: current ownership/use unverified; not added	
apple-domains	499	.beatsbydre-beatsheadphone.com	E: current ownership/use unverified; not added	
apple-domains	500	.beatsbydre-chen.com	E: current ownership/use unverified; not added	
apple-domains	501	.beatsbydre-club.com	E: current ownership/use unverified; not added	
apple-domains	502	.beatsbydre-headphones.com	E: current ownership/use unverified; not added	
apple-domains	503	.beatsbydre-headphonesshop.com	E: current ownership/use unverified; not added	
apple-domains	504	.beatsbydre-mall.com	E: current ownership/use unverified; not added	
apple-domains	505	.beatsbydre-outlet.com	E: current ownership/use unverified; not added	
apple-domains	506	.beatsbydre-outletsale.net	E: current ownership/use unverified; not added	
apple-domains	507	.beatsbydre-outletstore.com	E: current ownership/use unverified; not added	
apple-domains	508	.beatsbydre-sell.com	E: current ownership/use unverified; not added	
apple-domains	509	.beatsbydre-store.com	E: current ownership/use unverified; not added	
apple-domains	510	.beatsbydre-studio.com	E: current ownership/use unverified; not added	
apple-domains	511	.beatsbydre-us.com	E: current ownership/use unverified; not added	
apple-domains	512	.beatsbydre.com	B: official current service; added	DOMAIN-SUFFIX,beatsbydre.com,DIRECT
apple-domains	513	.beatsbydre.com.cn	E: current ownership/use unverified; not added	
apple-domains	514	.beatsbydre.jp	E: current ownership/use unverified; not added	
apple-domains	515	.beatsbydre2081.com	E: current ownership/use unverified; not added	
apple-domains	516	.beatsbydre411.com	E: current ownership/use unverified; not added	
apple-domains	517	.beatsbydre4usales.com	E: current ownership/use unverified; not added	
apple-domains	518	.beatsbydreauofficial.com	E: current ownership/use unverified; not added	
apple-domains	519	.beatsbydreausale.net	E: current ownership/use unverified; not added	
apple-domains	520	.beatsbydreaustralia-sale.com	E: current ownership/use unverified; not added	
apple-domains	521	.beatsbydreaustraliaonline.com	E: current ownership/use unverified; not added	
apple-domains	522	.beatsbydreaustraliaonlines.com	E: current ownership/use unverified; not added	
apple-domains	523	.beatsbydreaustraliasales.com	E: current ownership/use unverified; not added	
apple-domains	524	.beatsbydrebeatsby.com	E: current ownership/use unverified; not added	
apple-domains	525	.beatsbydreblackfriday2013.com	E: current ownership/use unverified; not added	
apple-domains	526	.beatsbydreblackfridaypro.com	E: current ownership/use unverified; not added	
apple-domains	527	.beatsbydreboxingdayca.com	E: current ownership/use unverified; not added	
apple-domains	528	.beatsbydrecasquesfr.com	E: current ownership/use unverified; not added	
apple-domains	529	.beatsbydrecheap-outletstore.com	E: current ownership/use unverified; not added	
apple-domains	530	.beatsbydrecheaper.com	E: current ownership/use unverified; not added	
apple-domains	531	.beatsbydrecheaponlinesales.com	E: current ownership/use unverified; not added	
apple-domains	532	.beatsbydrecolors.com	E: current ownership/use unverified; not added	
apple-domains	533	.beatsbydrecustomwireless.com	E: current ownership/use unverified; not added	
apple-domains	534	.beatsbydrecybermondaydeals2013.com	E: current ownership/use unverified; not added	
apple-domains	535	.beatsbydrecybermondaydeals2013.net	E: current ownership/use unverified; not added	
apple-domains	536	.beatsbydredanmarks.com	E: current ownership/use unverified; not added	
apple-domains	537	.beatsbydredealsblackfriday.com	E: current ownership/use unverified; not added	
apple-domains	538	.beatsbydredealscybermonday.com	E: current ownership/use unverified; not added	
apple-domains	539	.beatsbydrediscount.com	E: current ownership/use unverified; not added	
apple-domains	540	.beatsbydrediscountonline.net	E: current ownership/use unverified; not added	
apple-domains	541	.beatsbydredr.com	E: current ownership/use unverified; not added	
apple-domains	542	.beatsbydreexecutivesale.com	E: current ownership/use unverified; not added	
apple-domains	543	.beatsbydreformall2013-nl.com	E: current ownership/use unverified; not added	
apple-domains	544	.beatsbydreforsalesonline.com	E: current ownership/use unverified; not added	
apple-domains	545	.beatsbydreforshop2013-nl.com	E: current ownership/use unverified; not added	
apple-domains	546	.beatsbydreforstore.com	E: current ownership/use unverified; not added	
apple-domains	547	.beatsbydreforyououtlet.com	E: current ownership/use unverified; not added	
apple-domains	548	.beatsbydrefr.com	E: current ownership/use unverified; not added	
apple-domains	549	.beatsbydrefrcasquepascher.com	E: current ownership/use unverified; not added	
apple-domains	550	.beatsbydrefriday.com	E: current ownership/use unverified; not added	
apple-domains	551	.beatsbydregot.com	E: current ownership/use unverified; not added	
apple-domains	552	.beatsbydrehd.com	E: current ownership/use unverified; not added	
apple-domains	553	.beatsbydrehd.net	E: current ownership/use unverified; not added	
apple-domains	554	.beatsbydreheadphones-nz.com	E: current ownership/use unverified; not added	
apple-domains	555	.beatsbydreheadphonesolo.com	E: current ownership/use unverified; not added	
apple-domains	556	.beatsbydrehut.com	E: current ownership/use unverified; not added	
apple-domains	557	.beatsbydreinexpensive.com	E: current ownership/use unverified; not added	
apple-domains	558	.beatsbydreireland-sales.com	E: current ownership/use unverified; not added	
apple-domains	559	.beatsbydreirelandonlines.com	E: current ownership/use unverified; not added	
apple-domains	560	.beatsbydreirelandsale.com	E: current ownership/use unverified; not added	
apple-domains	561	.beatsbydreirelandsonline.com	E: current ownership/use unverified; not added	
apple-domains	562	.beatsbydremall2013.com	E: current ownership/use unverified; not added	
apple-domains	563	.beatsbydremonsteraustralia.com	E: current ownership/use unverified; not added	
apple-domains	564	.beatsbydrenls.com	E: current ownership/use unverified; not added	
apple-domains	565	.beatsbydrenorge1.net	E: current ownership/use unverified; not added	
apple-domains	566	.beatsbydreofficialdanmark.com	E: current ownership/use unverified; not added	
apple-domains	567	.beatsbydreoksale.com	E: current ownership/use unverified; not added	
apple-domains	568	.beatsbydreol.com	E: current ownership/use unverified; not added	
apple-domains	569	.beatsbydreonlie2013-nl.com	E: current ownership/use unverified; not added	
apple-domains	570	.beatsbydreonlines-ireland.com	E: current ownership/use unverified; not added	
apple-domains	571	.beatsbydreonlines-uk.com	E: current ownership/use unverified; not added	
apple-domains	572	.beatsbydreonlinesale-nz.com	E: current ownership/use unverified; not added	
apple-domains	573	.beatsbydreoordopjes.com	E: current ownership/use unverified; not added	
apple-domains	574	.beatsbydreoslo.com	E: current ownership/use unverified; not added	
apple-domains	575	.beatsbydreoutletsale.com	E: current ownership/use unverified; not added	
apple-domains	576	.beatsbydreoutletscheap.com	E: current ownership/use unverified; not added	
apple-domains	577	.beatsbydrerealstore.com	E: current ownership/use unverified; not added	
apple-domains	578	.beatsbydres-shop.com	E: current ownership/use unverified; not added	
apple-domains	579	.beatsbydresale-uk.com	E: current ownership/use unverified; not added	
apple-domains	580	.beatsbydresalemall2013.com	E: current ownership/use unverified; not added	
apple-domains	581	.beatsbydresaleonlines-nz.com	E: current ownership/use unverified; not added	
apple-domains	582	.beatsbydresales.us	E: current ownership/use unverified; not added	
apple-domains	583	.beatsbydresalesonline-australia.com	E: current ownership/use unverified; not added	
apple-domains	584	.beatsbydresdanmark.net	E: current ownership/use unverified; not added	
apple-domains	585	.beatsbydreshop-uk.com	E: current ownership/use unverified; not added	
apple-domains	586	.beatsbydreshops.net	E: current ownership/use unverified; not added	
apple-domains	587	.beatsbydresingapores.com	E: current ownership/use unverified; not added	
apple-domains	588	.beatsbydresingaporesale.com	E: current ownership/use unverified; not added	
apple-domains	589	.beatsbydresold.com	E: current ownership/use unverified; not added	
apple-domains	590	.beatsbydresolohdonline-canada.com	E: current ownership/use unverified; not added	
apple-domains	591	.beatsbydresonline-nz.com	E: current ownership/use unverified; not added	
apple-domains	592	.beatsbydrespeakers.com	E: current ownership/use unverified; not added	
apple-domains	593	.beatsbydressale.com	E: current ownership/use unverified; not added	
apple-domains	594	.beatsbydressolo.com	E: current ownership/use unverified; not added	
apple-domains	595	.beatsbydresstudio.com	E: current ownership/use unverified; not added	
apple-domains	596	.beatsbydrestorevip.com	E: current ownership/use unverified; not added	
apple-domains	597	.beatsbydrestudio-australia.com	E: current ownership/use unverified; not added	
apple-domains	598	.beatsbydrestudio.com	E: current ownership/use unverified; not added	
apple-domains	599	.beatsbydretoutlet.com	E: current ownership/use unverified; not added	
apple-domains	600	.beatsbydreuk.com	E: current ownership/use unverified; not added	
apple-domains	601	.beatsbydreuk.net	E: current ownership/use unverified; not added	
apple-domains	602	.beatsbydreus.com	E: current ownership/use unverified; not added	
apple-domains	603	.beatsbydrevipde.com	E: current ownership/use unverified; not added	
apple-domains	604	.beatsbydrew.com	E: current ownership/use unverified; not added	
apple-domains	605	.beatsbydrsmonsterinusa.com	E: current ownership/use unverified; not added	
apple-domains	606	.beatsbymusic.net	E: current ownership/use unverified; not added	
apple-domains	607	.beatsbysdrbre.com	E: current ownership/use unverified; not added	
apple-domains	608	.beatsbysdrdres.com	E: current ownership/use unverified; not added	
apple-domains	609	.beatscasque-france.com	E: current ownership/use unverified; not added	
apple-domains	610	.beatscheap-nz.com	E: current ownership/use unverified; not added	
apple-domains	611	.beatscheap-uk.com	E: current ownership/use unverified; not added	
apple-domains	612	.beatscheapforsale.com	E: current ownership/use unverified; not added	
apple-domains	613	.beatscollection2014.com	E: current ownership/use unverified; not added	
apple-domains	614	.beatscustomblackfriday.com	E: current ownership/use unverified; not added	
apple-domains	615	.beatsdanmark2013.com	E: current ownership/use unverified; not added	
apple-domains	616	.beatsdrdre-headphones.com	E: current ownership/use unverified; not added	
apple-domains	617	.beatsdrdre-it.com	E: current ownership/use unverified; not added	
apple-domains	618	.beatsdrdre-solo.com	E: current ownership/use unverified; not added	
apple-domains	619	.beatsdrdre2014.com	E: current ownership/use unverified; not added	
apple-domains	620	.beatsdrdrecuffie.net	E: current ownership/use unverified; not added	
apple-domains	621	.beatsdrdrekaufenschweiz.net	E: current ownership/use unverified; not added	
apple-domains	622	.beatsdrdreneon.com	E: current ownership/use unverified; not added	
apple-domains	623	.beatsdre-monster.com	E: current ownership/use unverified; not added	
apple-domains	624	.beatsdre.net	E: current ownership/use unverified; not added	
apple-domains	625	.beatsdre4cheap.com	E: current ownership/use unverified; not added	
apple-domains	626	.beatsdrecheap.com	E: current ownership/use unverified; not added	
apple-domains	627	.beatsdredreheadphones.com	E: current ownership/use unverified; not added	
apple-domains	628	.beatsdreforsale.com	E: current ownership/use unverified; not added	
apple-domains	629	.beatsdreinau.com	E: current ownership/use unverified; not added	
apple-domains	630	.beatsdremonster-uk.com	E: current ownership/use unverified; not added	
apple-domains	631	.beatsdrenewcolorful4usale.com	E: current ownership/use unverified; not added	
apple-domains	632	.beatsdreoutletsale.com	E: current ownership/use unverified; not added	
apple-domains	633	.beatsdresale2013.com	E: current ownership/use unverified; not added	
apple-domains	634	.beatsdresalestore.com	E: current ownership/use unverified; not added	
apple-domains	635	.beatsdresolo2013.com	E: current ownership/use unverified; not added	
apple-domains	636	.beatsdreus.com	E: current ownership/use unverified; not added	
apple-domains	637	.beatsearbudsheadphoness.com	E: current ownership/use unverified; not added	
apple-domains	638	.beatselectronic.net	E: current ownership/use unverified; not added	
apple-domains	639	.beatselectronics.com	E: current ownership/use unverified; not added	
apple-domains	640	.beatsep.cn	E: current ownership/use unverified; not added	
apple-domains	641	.beatsep.com	E: current ownership/use unverified; not added	
apple-domains	642	.beatsep.net	E: current ownership/use unverified; not added	
apple-domains	643	.beatsfacstore.com	E: current ownership/use unverified; not added	
apple-domains	644	.beatsfactoroutlets.com	E: current ownership/use unverified; not added	
apple-domains	645	.beatsfactorycollection.com	E: current ownership/use unverified; not added	
apple-domains	646	.beatsfactoryoutles.com	E: current ownership/use unverified; not added	
apple-domains	647	.beatsforcheap-usa.com	E: current ownership/use unverified; not added	
apple-domains	648	.beatsforme.com	E: current ownership/use unverified; not added	
apple-domains	649	.beatsfranceofficiel.com	E: current ownership/use unverified; not added	
apple-domains	650	.beatsheadphones-discount.com	E: current ownership/use unverified; not added	
apple-domains	651	.beatsheadphones1.com	E: current ownership/use unverified; not added	
apple-domains	652	.beatsheadphones2u.com	E: current ownership/use unverified; not added	
apple-domains	653	.beatsheadphonesale.com	E: current ownership/use unverified; not added	
apple-domains	654	.beatsheadphonesdealer.com	E: current ownership/use unverified; not added	
apple-domains	655	.beatsheadphonesforcheap.net	E: current ownership/use unverified; not added	
apple-domains	656	.beatsheadphonesonline.com	E: current ownership/use unverified; not added	
apple-domains	657	.beatsheadphoness.com	E: current ownership/use unverified; not added	
apple-domains	658	.beatsheadphonestudio.com	E: current ownership/use unverified; not added	
apple-domains	659	.beatsheadphonesusamall.com	E: current ownership/use unverified; not added	
apple-domains	660	.beatshopuk.com	E: current ownership/use unverified; not added	
apple-domains	661	.beatsincanada.com	E: current ownership/use unverified; not added	
apple-domains	662	.beatsinsingapore.com	E: current ownership/use unverified; not added	
apple-domains	663	.beatsireland.net	E: current ownership/use unverified; not added	
apple-domains	664	.beatsjoy.com	E: current ownership/use unverified; not added	
apple-domains	665	.beatsmonstersales.com	E: current ownership/use unverified; not added	
apple-domains	666	.beatsmusic.com	E: current ownership/use unverified; not added	
apple-domains	667	.beatsmusic.wang	E: current ownership/use unverified; not added	
apple-domains	668	.beatsneon.com	E: current ownership/use unverified; not added	
apple-domains	669	.beatsnzsale.com	E: current ownership/use unverified; not added	
apple-domains	670	.beatsodre.com	E: current ownership/use unverified; not added	
apple-domains	671	.beatsofdre-usa.com	E: current ownership/use unverified; not added	
apple-domains	672	.beatsonblackfriday2013.com	E: current ownership/use unverified; not added	
apple-domains	673	.beatsone.net	E: current ownership/use unverified; not added	
apple-domains	674	.beatsoutlet.net	E: current ownership/use unverified; not added	
apple-domains	675	.beatsoutletanytime.com	E: current ownership/use unverified; not added	
apple-domains	676	.beatsoutletonlines.com	E: current ownership/use unverified; not added	
apple-domains	677	.beatspascher-bydre.com	E: current ownership/use unverified; not added	
apple-domains	678	.beatspascher-fr.net	E: current ownership/use unverified; not added	
apple-domains	679	.beatspascher.net	E: current ownership/use unverified; not added	
apple-domains	680	.beatspaschers.net	E: current ownership/use unverified; not added	
apple-domains	681	.beatspillnewcolor.com	E: current ownership/use unverified; not added	
apple-domains	682	.beatspills.com	E: current ownership/use unverified; not added	
apple-domains	683	.beatspromonsterjp.com	E: current ownership/use unverified; not added	
apple-domains	684	.beatspromotions.com	E: current ownership/use unverified; not added	
apple-domains	685	.beatssales.com	E: current ownership/use unverified; not added	
apple-domains	686	.beatssaleus.com	E: current ownership/use unverified; not added	
apple-domains	687	.beatssaustraliabuy.com	E: current ownership/use unverified; not added	
apple-domains	688	.beatssbyaustralia.com	E: current ownership/use unverified; not added	
apple-domains	689	.beatssbydredanmark.com	E: current ownership/use unverified; not added	
apple-domains	690	.beatsshop-uk.com	E: current ownership/use unverified; not added	
apple-domains	691	.beatsshop-usa.com	E: current ownership/use unverified; not added	
apple-domains	692	.beatsshopstore.com	E: current ownership/use unverified; not added	
apple-domains	693	.beatssingapores.com	E: current ownership/use unverified; not added	
apple-domains	694	.beatssingaporeshop.com	E: current ownership/use unverified; not added	
apple-domains	695	.beatsstudiohodetelefoner.com	E: current ownership/use unverified; not added	
apple-domains	696	.beatsstudiosite.com	E: current ownership/use unverified; not added	
apple-domains	697	.beatstoreusa.com	E: current ownership/use unverified; not added	
apple-domains	698	.beatsua.com	E: current ownership/use unverified; not added	
apple-domains	699	.beatswholesale.us	E: current ownership/use unverified; not added	
apple-domains	700	.beatswirelesscheap.com	E: current ownership/use unverified; not added	
apple-domains	701	.beatswirelesscuffie.com	E: current ownership/use unverified; not added	
apple-domains	702	.beddit.tv	E: current ownership/use unverified; not added	
apple-domains	703	.begin-trade.com	E: current ownership/use unverified; not added	
apple-domains	704	.bestbeats4u.com	E: current ownership/use unverified; not added	
apple-domains	705	.bestiphonestuff.com	E: current ownership/use unverified; not added	
apple-domains	706	.bestshoesale2014.net	E: current ownership/use unverified; not added	
apple-domains	707	.biitii.com	E: current ownership/use unverified; not added	
apple-domains	708	.blackfridaydrebeatsnew.com	E: current ownership/use unverified; not added	
apple-domains	709	.blackfridaydrebeatsshop.com	E: current ownership/use unverified; not added	
apple-domains	710	.bloommicroventures.com	E: current ownership/use unverified; not added	
apple-domains	711	.bookonsky.net	E: current ownership/use unverified; not added	
apple-domains	712	.bossae.com	E: current ownership/use unverified; not added	
apple-domains	713	.braeburncapital.com	E: current ownership/use unverified; not added	
apple-domains	714	.brandeasygo.com	E: current ownership/use unverified; not added	
apple-domains	715	.brandelectronic.com	E: current ownership/use unverified; not added	
apple-domains	716	.brandproducts1688.com	E: current ownership/use unverified; not added	
apple-domains	717	.brands098.com	E: current ownership/use unverified; not added	
apple-domains	718	.burstly.net	E: current ownership/use unverified; not added	
apple-domains	719	.burstlyrewards.com	E: current ownership/use unverified; not added	
apple-domains	720	.businesswebwise.com	E: current ownership/use unverified; not added	
apple-domains	721	.buy-from-shanghai.com	E: current ownership/use unverified; not added	
apple-domains	722	.buyaapl.com	E: current ownership/use unverified; not added	
apple-domains	723	.buyaapl.net	E: current ownership/use unverified; not added	
apple-domains	724	.buyaple.com	E: current ownership/use unverified; not added	
apple-domains	725	.buybeatsbydre-uk.com	E: current ownership/use unverified; not added	
apple-domains	726	.buybeatsheadphonesbydre.com	E: current ownership/use unverified; not added	
apple-domains	727	.buycheapbeatsbus.com	E: current ownership/use unverified; not added	
apple-domains	728	.buycheapbeatsbydre.com	E: current ownership/use unverified; not added	
apple-domains	729	.buycheapbeatsbydreshop.com	E: current ownership/use unverified; not added	
apple-domains	730	.buycheapbeatsdreuk.com	E: current ownership/use unverified; not added	
apple-domains	731	.buydrdrebeatbox.com	E: current ownership/use unverified; not added	
apple-domains	732	.buyminibeatbox.com	E: current ownership/use unverified; not added	
apple-domains	733	.buyonlineheadphones.com	E: current ownership/use unverified; not added	
apple-domains	734	.buyshoponly.com	E: current ownership/use unverified; not added	
apple-domains	735	.buzzardflapper.com	E: current ownership/use unverified; not added	
apple-domains	736	.bybeatsdre.com	E: current ownership/use unverified; not added	
apple-domains	737	.bydrebeats.com	E: current ownership/use unverified; not added	
apple-domains	738	.calendarserver.org	E: current ownership/use unverified; not added	
apple-domains	739	.camelphat.com	E: current ownership/use unverified; not added	
apple-domains	740	.camelspaceeffect.com	E: current ownership/use unverified; not added	
apple-domains	741	.canada-beatsbydre.com	E: current ownership/use unverified; not added	
apple-domains	742	.carbon.com	E: current ownership/use unverified; not added	
apple-domains	743	.carekit.org	E: current ownership/use unverified; not added	
apple-domains	744	.casque-fr.com	E: current ownership/use unverified; not added	
apple-domains	745	.casquebeatsbydrdresolohd.com	E: current ownership/use unverified; not added	
apple-domains	746	.casquebeatsdocteurdre.com	E: current ownership/use unverified; not added	
apple-domains	747	.casquebeatsdre2013.com	E: current ownership/use unverified; not added	
apple-domains	748	.casquebeatsenligne.com	E: current ownership/use unverified; not added	
apple-domains	749	.casquebeatsfracheter.com	E: current ownership/use unverified; not added	
apple-domains	750	.casquebeatsmer.net	E: current ownership/use unverified; not added	
apple-domains	751	.casquebeatsofficiel-fr.com	E: current ownership/use unverified; not added	
apple-domains	752	.casquebeatspascher2013.com	E: current ownership/use unverified; not added	
apple-domains	753	.casquebeatssolo.net	E: current ownership/use unverified; not added	
apple-domains	754	.casquedrdrebeatssfr.com	E: current ownership/use unverified; not added	
apple-domains	755	.casquemonsterbeats.com	E: current ownership/use unverified; not added	
apple-domains	756	.casquemonsterbeatsbydre2013.com	E: current ownership/use unverified; not added	
apple-domains	757	.casquesbeatsaudio.com	E: current ownership/use unverified; not added	
apple-domains	758	.catalina.hk	E: current ownership/use unverified; not added	
apple-domains	759	.cdn-apple-mapkit.com	A: covered	DOMAIN-SUFFIX,cdn-apple-mapkit.com,DIRECT
apple-domains	760	.cdn-apple.com	A: covered	DOMAIN-SUFFIX,cdn-apple.com,DIRECT
apple-domains	761	.cheap-beats-by-dre.net	E: current ownership/use unverified; not added	
apple-domains	762	.cheap-beatsbydre.com	E: current ownership/use unverified; not added	
apple-domains	763	.cheapbagshoes.com	E: current ownership/use unverified; not added	
apple-domains	764	.cheapbeats.us	E: current ownership/use unverified; not added	
apple-domains	765	.cheapbeats365.com	E: current ownership/use unverified; not added	
apple-domains	766	.cheapbeats4sale.net	E: current ownership/use unverified; not added	
apple-domains	767	.cheapbeatsaustraliasale.com	E: current ownership/use unverified; not added	
apple-domains	768	.cheapbeatsbus.com	E: current ownership/use unverified; not added	
apple-domains	769	.cheapbeatsbydr.com	E: current ownership/use unverified; not added	
apple-domains	770	.cheapbeatsbydrdrepro.com	E: current ownership/use unverified; not added	
apple-domains	771	.cheapbeatsbydre-au.com	E: current ownership/use unverified; not added	
apple-domains	772	.cheapbeatsbydre99.com	E: current ownership/use unverified; not added	
apple-domains	773	.cheapbeatsbydrefau.com	E: current ownership/use unverified; not added	
apple-domains	774	.cheapbeatsbydremall.com	E: current ownership/use unverified; not added	
apple-domains	775	.cheapbeatsbydremonster.com	E: current ownership/use unverified; not added	
apple-domains	776	.cheapbeatsbydrenz.net	E: current ownership/use unverified; not added	
apple-domains	777	.cheapbeatsbydreonsale.com	E: current ownership/use unverified; not added	
apple-domains	778	.cheapbeatsbydreoutlet-nz.com	E: current ownership/use unverified; not added	
apple-domains	779	.cheapbeatsbydreoutlet.com	E: current ownership/use unverified; not added	
apple-domains	780	.cheapbeatsbydreoutlets2013.com	E: current ownership/use unverified; not added	
apple-domains	781	.cheapbeatsbydresale.com	E: current ownership/use unverified; not added	
apple-domains	782	.cheapbeatsbydreshop.com	E: current ownership/use unverified; not added	
apple-domains	783	.cheapbeatsbydrestudioedition.com	E: current ownership/use unverified; not added	
apple-domains	784	.cheapbeatsbydrestudioutlet.com	E: current ownership/use unverified; not added	
apple-domains	785	.cheapbeatsdrdresolo.com	E: current ownership/use unverified; not added	
apple-domains	786	.cheapbeatsdrestudios.com	E: current ownership/use unverified; not added	
apple-domains	787	.cheapbeatsheadphone2014.com	E: current ownership/use unverified; not added	
apple-domains	788	.cheapbeatsheadphones.us	E: current ownership/use unverified; not added	
apple-domains	789	.cheapbeatsie.com	E: current ownership/use unverified; not added	
apple-domains	790	.cheapbeatsla.com	E: current ownership/use unverified; not added	
apple-domains	791	.cheapbeatssale4u.com	E: current ownership/use unverified; not added	
apple-domains	792	.cheapbeatsshopbydre.com	E: current ownership/use unverified; not added	
apple-domains	793	.cheapcustombeatsbydre.com	E: current ownership/use unverified; not added	
apple-domains	794	.cheapdrdrebeats8.com	E: current ownership/use unverified; not added	
apple-domains	795	.cheapdrdrebeatsca.com	E: current ownership/use unverified; not added	
apple-domains	796	.cheapdrebeats8.net	E: current ownership/use unverified; not added	
apple-domains	797	.cheaperbeatsbydresale.com	E: current ownership/use unverified; not added	
apple-domains	798	.cheapestbeatsdrdre.com	E: current ownership/use unverified; not added	
apple-domains	799	.cheapheadphonesland.com	E: current ownership/use unverified; not added	
apple-domains	800	.cheapheadphonessale.com	E: current ownership/use unverified; not added	
apple-domains	801	.cheapheadsetmall.com	E: current ownership/use unverified; not added	
apple-domains	802	.cheapheadsetshop.com	E: current ownership/use unverified; not added	
apple-domains	803	.cheapmonsterbeatsbydrdre.com	E: current ownership/use unverified; not added	
apple-domains	804	.cheapmonsterbeatsheadsets.com	E: current ownership/use unverified; not added	
apple-domains	805	.cheapmonsterbeatssale.com	E: current ownership/use unverified; not added	
apple-domains	806	.cheapmonsterbeatsusa.us	E: current ownership/use unverified; not added	
apple-domains	807	.cheapmonstersbeatsonsale.com	E: current ownership/use unverified; not added	
apple-domains	808	.cheapnewbeatsbydre.com	E: current ownership/use unverified; not added	
apple-domains	809	.cheapsalemonster.com	E: current ownership/use unverified; not added	
apple-domains	810	.cheapshoesvip.com	E: current ownership/use unverified; not added	
apple-domains	811	.cheapwireless04.com	E: current ownership/use unverified; not added	
apple-domains	812	.cheapwirelessbeats.com	E: current ownership/use unverified; not added	
apple-domains	813	.cheerwholesale.us	E: current ownership/use unverified; not added	
apple-domains	814	.chihair-straightener.com	E: current ownership/use unverified; not added	
apple-domains	815	.chinaclothesstore.com	E: current ownership/use unverified; not added	
apple-domains	816	.chomp.com	E: current ownership/use unverified; not added	
apple-domains	817	.ciattackers.com	E: current ownership/use unverified; not added	
apple-domains	818	.cmhalq.com	E: current ownership/use unverified; not added	
apple-domains	819	.cnshopin.com	E: current ownership/use unverified; not added	
apple-domains	820	.cooliphonecasesstore.com	E: current ownership/use unverified; not added	
apple-domains	821	.coolmonster.net	E: current ownership/use unverified; not added	
apple-domains	822	.coreml.net	E: current ownership/use unverified; not added	
apple-domains	823	.cozydrdrebeats.com	E: current ownership/use unverified; not added	
apple-domains	824	.cqcorea.com	E: current ownership/use unverified; not added	
apple-domains	825	.crashlytics.com	D: shared provider; no broad exception	
apple-domains	826	.cuffiesaldi.com	E: current ownership/use unverified; not added	
apple-domains	827	.cups.org	E: current ownership/use unverified; not added	
apple-domains	828	.custom-iphonecase.com	E: current ownership/use unverified; not added	
apple-domains	829	.custombeatsbydrebuy.com	E: current ownership/use unverified; not added	
apple-domains	830	.custombeatsdeals.com	E: current ownership/use unverified; not added	
apple-domains	831	.custombeatsforcheap.com	E: current ownership/use unverified; not added	
apple-domains	832	.custombeatsny.com	E: current ownership/use unverified; not added	
apple-domains	833	.custombeatssbydreus.com	E: current ownership/use unverified; not added	
apple-domains	834	.customdrdrebeats.com	E: current ownership/use unverified; not added	
apple-domains	835	.customizedbeatbydre.com	E: current ownership/use unverified; not added	
apple-domains	836	.customizedbeatsbydre.com	E: current ownership/use unverified; not added	
apple-domains	837	.customizedbeatsdre.com	E: current ownership/use unverified; not added	
apple-domains	838	.cybermondaybeats4sale.com	E: current ownership/use unverified; not added	
apple-domains	839	.danemarket.com	E: current ownership/use unverified; not added	
apple-domains	840	.danmarkbeatsbydrdre.com	E: current ownership/use unverified; not added	
apple-domains	841	.darwinsource.com	E: current ownership/use unverified; not added	
apple-domains	842	.darwinsource.org	E: current ownership/use unverified; not added	
apple-domains	843	.darwinsourcecode.com	E: current ownership/use unverified; not added	
apple-domains	844	.dashwood360.com	E: current ownership/use unverified; not added	
apple-domains	845	.dctbeatsbydre.com	E: current ownership/use unverified; not added	
apple-domains	846	.dealsbeatsblackfriday.com	E: current ownership/use unverified; not added	
apple-domains	847	.designeriphonescases.com	E: current ownership/use unverified; not added	
apple-domains	848	.desktopmovie.com	E: current ownership/use unverified; not added	
apple-domains	849	.desktopmovie.net	E: current ownership/use unverified; not added	
apple-domains	850	.desktopmovie.org	E: current ownership/use unverified; not added	
apple-domains	851	.desktopmovies.net	E: current ownership/use unverified; not added	
apple-domains	852	.desktopmovies.org	E: current ownership/use unverified; not added	
apple-domains	853	.detaliczny.com	E: current ownership/use unverified; not added	
apple-domains	854	.developer-advisor.com	E: current ownership/use unverified; not added	
apple-domains	855	.device-manager.us	E: current ownership/use unverified; not added	
apple-domains	856	.digicert.com	D: shared provider; no broad exception	
apple-domains	857	.digitalhub.com	E: current ownership/use unverified; not added	
apple-domains	858	.discountbeatsbydre-us.com	E: current ownership/use unverified; not added	
apple-domains	859	.discountbeatsstore.com	E: current ownership/use unverified; not added	
apple-domains	860	.discussionsapple.com	E: current ownership/use unverified; not added	
apple-domains	861	.dispatcher.is.autonavi.com	E: current ownership/use unverified; not added	
apple-domains	862	.dkbeatsbydre.com	E: current ownership/use unverified; not added	
apple-domains	863	.dl-iphone.com	E: current ownership/use unverified; not added	
apple-domains	864	.dot-mac.de	E: current ownership/use unverified; not added	
apple-domains	865	.dotmac.de	E: current ownership/use unverified; not added	
apple-domains	866	.downloadsforipod.com	E: current ownership/use unverified; not added	
apple-domains	867	.drbeatsukmart.com	E: current ownership/use unverified; not added	
apple-domains	868	.drdre-beats.com	E: current ownership/use unverified; not added	
apple-domains	869	.drdrebeats-chen.com	E: current ownership/use unverified; not added	
apple-domains	870	.drdrebeats-headphone.com	E: current ownership/use unverified; not added	
apple-domains	871	.drdrebeats-usa.com	E: current ownership/use unverified; not added	
apple-domains	872	.drdrebeatsale.com	E: current ownership/use unverified; not added	
apple-domains	873	.drdrebeatsbillig.com	E: current ownership/use unverified; not added	
apple-domains	874	.drdrebeatsdesale.com	E: current ownership/use unverified; not added	
apple-domains	875	.drdrebeatsdiscount.com	E: current ownership/use unverified; not added	
apple-domains	876	.drdrebeatsforu.com	E: current ownership/use unverified; not added	
apple-domains	877	.drdrebeatsretail2013.com	E: current ownership/use unverified; not added	
apple-domains	878	.drdrebeatssale7.com	E: current ownership/use unverified; not added	
apple-domains	879	.drdrebeatsuk.com	E: current ownership/use unverified; not added	
apple-domains	880	.drdrefnac.com	E: current ownership/use unverified; not added	
apple-domains	881	.drdreheadphonebeats.com	E: current ownership/use unverified; not added	
apple-domains	882	.drdreheadphonekey.com	E: current ownership/use unverified; not added	
apple-domains	883	.drdreheadphonesusstore.com	E: current ownership/use unverified; not added	
apple-domains	884	.drdremonster-beats.com	E: current ownership/use unverified; not added	
apple-domains	885	.drdremonsterdre.com	E: current ownership/use unverified; not added	
apple-domains	886	.drdreprobeatssale.com	E: current ownership/use unverified; not added	
apple-domains	887	.drebeats-australia.com	E: current ownership/use unverified; not added	
apple-domains	888	.drebeats-france.com	E: current ownership/use unverified; not added	
apple-domains	889	.drebeats-monster.com	E: current ownership/use unverified; not added	
apple-domains	890	.drebeats-monsteraustralia.com	E: current ownership/use unverified; not added	
apple-domains	891	.drebeats-monsterusa.com	E: current ownership/use unverified; not added	
apple-domains	892	.drebeats-singapore.com	E: current ownership/use unverified; not added	
apple-domains	893	.drebeats-singapore.net	E: current ownership/use unverified; not added	
apple-domains	894	.drebeats-singaporecheap.com	E: current ownership/use unverified; not added	
apple-domains	895	.drebeats-singaporecheap.net	E: current ownership/use unverified; not added	
apple-domains	896	.drebeats-solo.com	E: current ownership/use unverified; not added	
apple-domains	897	.drebeats-studio.com	E: current ownership/use unverified; not added	
apple-domains	898	.drebeatsaustralia-cheap.com	E: current ownership/use unverified; not added	
apple-domains	899	.drebeatsaustralia-cheap.net	E: current ownership/use unverified; not added	
apple-domains	900	.drebeatsbuy.com	E: current ownership/use unverified; not added	
apple-domains	901	.drebeatsbydreoutlet.com	E: current ownership/use unverified; not added	
apple-domains	902	.drebeatscanada.com	E: current ownership/use unverified; not added	
apple-domains	903	.drebeatsdeutschland.net	E: current ownership/use unverified; not added	
apple-domains	904	.drebeatsforsaleus.com	E: current ownership/use unverified; not added	
apple-domains	905	.drebeatsheadphones-nz.com	E: current ownership/use unverified; not added	
apple-domains	906	.drebeatshome.com	E: current ownership/use unverified; not added	
apple-domains	907	.drebeatsoldes.com	E: current ownership/use unverified; not added	
apple-domains	908	.drebeatsoutletstore.com	E: current ownership/use unverified; not added	
apple-domains	909	.drebeatspill.com	E: current ownership/use unverified; not added	
apple-domains	910	.drebeatssite.com	E: current ownership/use unverified; not added	
apple-domains	911	.drebeatssolocybermondaysale.com	E: current ownership/use unverified; not added	
apple-domains	912	.drebeatsstudio2013.com	E: current ownership/use unverified; not added	
apple-domains	913	.drebeatstudio.com	E: current ownership/use unverified; not added	
apple-domains	914	.drebyby.com	E: current ownership/use unverified; not added	
apple-domains	915	.dremonsterbeatsoutlets.com	E: current ownership/use unverified; not added	
apple-domains	916	.dreprobeats.com	E: current ownership/use unverified; not added	
apple-domains	917	.dreprofy.com	E: current ownership/use unverified; not added	
apple-domains	918	.dtsell.com	E: current ownership/use unverified; not added	
apple-domains	919	.dvdstudiopro.biz	E: current ownership/use unverified; not added	
apple-domains	920	.dvdstudiopro.com	E: current ownership/use unverified; not added	
apple-domains	921	.dvdstudiopro.info	E: current ownership/use unverified; not added	
apple-domains	922	.dvdstudiopro.net	E: current ownership/use unverified; not added	
apple-domains	923	.dvdstudiopro.org	E: current ownership/use unverified; not added	
apple-domains	924	.dvdstudiopro.us	E: current ownership/use unverified; not added	
apple-domains	925	.earphonescheapest.com	E: current ownership/use unverified; not added	
apple-domains	926	.earpod.net	E: current ownership/use unverified; not added	
apple-domains	927	.ebookforipad.com	E: current ownership/use unverified; not added	
apple-domains	928	.ebuyheadphones.com	E: current ownership/use unverified; not added	
apple-domains	929	.ecgapp.com.cn	E: current ownership/use unverified; not added	
apple-domains	930	.ecgapp.net	E: current ownership/use unverified; not added	
apple-domains	931	.edu-research.org	E: current ownership/use unverified; not added	
apple-domains	932	.emac.co.in	E: current ownership/use unverified; not added	
apple-domains	933	.emac.in	E: current ownership/use unverified; not added	
apple-domains	934	.emagic.de	E: current ownership/use unverified; not added	
apple-domains	935	.esbeatsbydrebuy.com	E: current ownership/use unverified; not added	
apple-domains	936	.etheadphones.com	E: current ownership/use unverified; not added	
apple-domains	937	.euroipad.com	E: current ownership/use unverified; not added	
apple-domains	938	.eworld.com	E: current ownership/use unverified; not added	
apple-domains	939	.faceid99.com	E: current ownership/use unverified; not added	
apple-domains	940	.faceid99.net	E: current ownership/use unverified; not added	
apple-domains	941	.faceidglobal.com	E: current ownership/use unverified; not added	
apple-domains	942	.faceshift.cn	E: current ownership/use unverified; not added	
apple-domains	943	.facetime.net	E: current ownership/use unverified; not added	
apple-domains	944	.famosascalvas.com	E: current ownership/use unverified; not added	
apple-domains	945	.finalcutpro.com	E: current ownership/use unverified; not added	
apple-domains	946	.find-apple.com	E: current ownership/use unverified; not added	
apple-domains	947	.findmybeats.com	E: current ownership/use unverified; not added	
apple-domains	948	.findmyipad.com	E: current ownership/use unverified; not added	
apple-domains	949	.firewire.cl	E: current ownership/use unverified; not added	
apple-domains	950	.firewire.eu	E: current ownership/use unverified; not added	
apple-domains	951	.foundationdb.org	E: current ownership/use unverified; not added	
apple-domains	952	.fr-beatsbydrestore.com	E: current ownership/use unverified; not added	
apple-domains	953	.francecasquebeatssolde.com	E: current ownership/use unverified; not added	
apple-domains	954	.frcasquesbeats.com	E: current ownership/use unverified; not added	
apple-domains	955	.free-aa.com	E: current ownership/use unverified; not added	
apple-domains	956	.free-sns.com	E: current ownership/use unverified; not added	
apple-domains	957	.frishoes.com	E: current ownership/use unverified; not added	
apple-domains	958	.fundaiphone5s.com	E: current ownership/use unverified; not added	
apple-domains	959	.gamebeforethegame.com	E: current ownership/use unverified; not added	
apple-domains	960	.geoport.com	E: current ownership/use unverified; not added	
apple-domains	961	.getdrebeatssale.com	E: current ownership/use unverified; not added	
apple-domains	962	.gmnetworks.net	E: current ownership/use unverified; not added	
apple-domains	963	.gobeatsye.com	E: current ownership/use unverified; not added	
apple-domains	964	.gobuyonlinestore.net	E: current ownership/use unverified; not added	
apple-domains	965	.goodsdunk.net	E: current ownership/use unverified; not added	
apple-domains	966	.gsp4-cn.ls.apple.com.edgekey.net	A: covered	DOMAIN-SUFFIX,apple.com.edgekey.net,DIRECT
apple-domains	967	.headphonepubs.com	E: current ownership/use unverified; not added	
apple-domains	968	.headphones-cool.com	E: current ownership/use unverified; not added	
apple-domains	969	.headphones-dre.com	E: current ownership/use unverified; not added	
apple-domains	970	.headphones-outlet-online.com	E: current ownership/use unverified; not added	
apple-domains	971	.headphonesbeatsaudio.com	E: current ownership/use unverified; not added	
apple-domains	972	.headphonesbeatsbydre.com	E: current ownership/use unverified; not added	
apple-domains	973	.headphoneses.com	E: current ownership/use unverified; not added	
apple-domains	974	.headphoneshome.com	E: current ownership/use unverified; not added	
apple-domains	975	.headphoneshotsales.com	E: current ownership/use unverified; not added	
apple-domains	976	.headphonesol.com	E: current ownership/use unverified; not added	
apple-domains	977	.headphonesretailer.com	E: current ownership/use unverified; not added	
apple-domains	978	.headphonessupply.com	E: current ownership/use unverified; not added	
apple-domains	979	.headphonezip.com	E: current ownership/use unverified; not added	
apple-domains	980	.headset987.com	E: current ownership/use unverified; not added	
apple-domains	981	.hebiphone.com	E: current ownership/use unverified; not added	
apple-domains	982	.hellokittybeats.com	E: current ownership/use unverified; not added	
apple-domains	983	.hf-iphone.com	E: current ownership/use unverified; not added	
apple-domains	984	.highbolt.net	E: current ownership/use unverified; not added	
apple-domains	985	.highdefinitionbeatsbydre.com	E: current ownership/use unverified; not added	
apple-domains	986	.hipaa6020.com	E: current ownership/use unverified; not added	
apple-domains	987	.hipzoom.net	E: current ownership/use unverified; not added	
apple-domains	988	.homepod.cn	E: current ownership/use unverified; not added	
apple-domains	989	.honawalaan.com	E: current ownership/use unverified; not added	
apple-domains	990	.hopstop.tv	E: current ownership/use unverified; not added	
apple-domains	991	.hotbeatsonsale.com	E: current ownership/use unverified; not added	
apple-domains	992	.hotmonsterbeats.com	E: current ownership/use unverified; not added	
apple-domains	993	.hottestheadphonesonline.com	E: current ownership/use unverified; not added	
apple-domains	994	.hrsaz.com	E: current ownership/use unverified; not added	
apple-domains	995	.i-book.com	E: current ownership/use unverified; not added	
apple-domains	996	.i-book.net	E: current ownership/use unverified; not added	
apple-domains	997	.ibeats-uk.com	E: current ownership/use unverified; not added	
apple-domains	998	.ibeatsbydre.cc	E: current ownership/use unverified; not added	
apple-domains	999	.ibeatsbydre.com	E: current ownership/use unverified; not added	
apple-domains	1000	.ibook.co.nz	E: current ownership/use unverified; not added	
apple-domains	1001	.ibook.com	E: current ownership/use unverified; not added	
apple-domains	1002	.ibook.eu	E: current ownership/use unverified; not added	
apple-domains	1003	.ibook.net	E: current ownership/use unverified; not added	
apple-domains	1004	.ibookpartner.com	E: current ownership/use unverified; not added	
apple-domains	1005	.ibooksauthor.com	E: current ownership/use unverified; not added	
apple-domains	1006	.ichat.co.in	E: current ownership/use unverified; not added	
apple-domains	1007	.icloud-apple.cn	E: current ownership/use unverified; not added	
apple-domains	1008	.icloud-content.com	A: covered	DOMAIN-SUFFIX,icloud-content.com,DIRECT
apple-domains	1009	.icloud-content.com.cn	A: covered	DOMAIN-SUFFIX,icloud-content.com.cn,DIRECT
apple-domains	1010	.icloud-isupport.com	E: current ownership/use unverified; not added	
apple-domains	1011	.icloud-sandbox.com	A: covered	DOMAIN-SUFFIX,icloud-sandbox.com,DIRECT
apple-domains	1012	.icloud.ch	E: current ownership/use unverified; not added	
apple-domains	1013	.icloud.cn	E: current ownership/use unverified; not added	
apple-domains	1014	.icloud.com	A: covered	DOMAIN-SUFFIX,icloud.com,DIRECT
apple-domains	1015	.icloud.com.cn	A: covered	DOMAIN-SUFFIX,icloud.com.cn,DIRECT
apple-domains	1016	.icloud.de	E: current ownership/use unverified; not added	
apple-domains	1017	.icloud.ee	E: current ownership/use unverified; not added	
apple-domains	1018	.icloud.fi	E: current ownership/use unverified; not added	
apple-domains	1019	.icloud.fr	E: current ownership/use unverified; not added	
apple-domains	1020	.icloud.hu	E: current ownership/use unverified; not added	
apple-domains	1021	.icloud.ie	E: current ownership/use unverified; not added	
apple-domains	1022	.icloud.is	E: current ownership/use unverified; not added	
apple-domains	1023	.icloud.jp	E: current ownership/use unverified; not added	
apple-domains	1024	.icloud.lv	E: current ownership/use unverified; not added	
apple-domains	1025	.icloud.net.cn	E: current ownership/use unverified; not added	
apple-domains	1026	.icloud.om	E: current ownership/use unverified; not added	
apple-domains	1027	.icloud.org	E: current ownership/use unverified; not added	
apple-domains	1028	.icloud.pt	E: current ownership/use unverified; not added	
apple-domains	1029	.icloud.ro	E: current ownership/use unverified; not added	
apple-domains	1030	.icloud.se	E: current ownership/use unverified; not added	
apple-domains	1031	.icloud.si	E: current ownership/use unverified; not added	
apple-domains	1032	.icloud.sk	E: current ownership/use unverified; not added	
apple-domains	1033	.icloud.vn	E: current ownership/use unverified; not added	
apple-domains	1034	.icloudads.net	E: current ownership/use unverified; not added	
apple-domains	1035	.icloudapple.cn	E: current ownership/use unverified; not added	
apple-domains	1036	.icloudbox.net	E: current ownership/use unverified; not added	
apple-domains	1037	.icloudbrowser.net	E: current ownership/use unverified; not added	
apple-domains	1038	.icloude.com	E: current ownership/use unverified; not added	
apple-domains	1039	.icloudhome.com	E: current ownership/use unverified; not added	
apple-domains	1040	.icloudmail.net	E: current ownership/use unverified; not added	
apple-domains	1041	.icloudmusic.net	E: current ownership/use unverified; not added	
apple-domains	1042	.icloudnet.net	E: current ownership/use unverified; not added	
apple-domains	1043	.icloudo.com	E: current ownership/use unverified; not added	
apple-domains	1044	.icloudo.de	E: current ownership/use unverified; not added	
apple-domains	1045	.icloudo.net	E: current ownership/use unverified; not added	
apple-domains	1046	.icloudos.de	E: current ownership/use unverified; not added	
apple-domains	1047	.icloudos.net	E: current ownership/use unverified; not added	
apple-domains	1048	.icloudpay.net	E: current ownership/use unverified; not added	
apple-domains	1049	.icloudsecure.net	E: current ownership/use unverified; not added	
apple-domains	1050	.icloudsetup.com	E: current ownership/use unverified; not added	
apple-domains	1051	.ids-apple.com	E: current ownership/use unverified; not added	
apple-domains	1052	.idvd.eu	E: current ownership/use unverified; not added	
apple-domains	1053	.igoshopping.net	E: current ownership/use unverified; not added	
apple-domains	1054	.ikids.com	E: current ownership/use unverified; not added	
apple-domains	1055	.ilecture.co.nz	E: current ownership/use unverified; not added	
apple-domains	1056	.ilife.eu	E: current ownership/use unverified; not added	
apple-domains	1057	.ilife.gr	E: current ownership/use unverified; not added	
apple-domains	1058	.ilife.wang	E: current ownership/use unverified; not added	
apple-domains	1059	.illianacomputerrecycling.com	E: current ownership/use unverified; not added	
apple-domains	1060	.imac-apple.com	E: current ownership/use unverified; not added	
apple-domains	1061	.imac-applecomputer.com	E: current ownership/use unverified; not added	
apple-domains	1062	.imac.co	E: current ownership/use unverified; not added	
apple-domains	1063	.imac.co.nz	E: current ownership/use unverified; not added	
apple-domains	1064	.imac.com	E: current ownership/use unverified; not added	
apple-domains	1065	.imac.eu	E: current ownership/use unverified; not added	
apple-domains	1066	.imac.gr	E: current ownership/use unverified; not added	
apple-domains	1067	.imac.one	E: current ownership/use unverified; not added	
apple-domains	1068	.imac.rs	E: current ownership/use unverified; not added	
apple-domains	1069	.imacapple.com	E: current ownership/use unverified; not added	
apple-domains	1070	.imacapplecomputer.com	E: current ownership/use unverified; not added	
apple-domains	1071	.imacsources.com	E: current ownership/use unverified; not added	
apple-domains	1072	.imessage.tv	E: current ownership/use unverified; not added	
apple-domains	1073	.imonsterbeats.com	E: current ownership/use unverified; not added	
apple-domains	1074	.imovie.eu	E: current ownership/use unverified; not added	
apple-domains	1075	.imoviegallery.com	E: current ownership/use unverified; not added	
apple-domains	1076	.imoviestage.com	E: current ownership/use unverified; not added	
apple-domains	1077	.incentivetravelgifts.com	E: current ownership/use unverified; not added	
apple-domains	1078	.indiaipad.com	E: current ownership/use unverified; not added	
apple-domains	1079	.insidear.cn	E: current ownership/use unverified; not added	
apple-domains	1080	.insidemacintosh.com	E: current ownership/use unverified; not added	
apple-domains	1081	.ioffergift.com	E: current ownership/use unverified; not added	
apple-domains	1082	.ios-icloud.com	E: current ownership/use unverified; not added	
apple-domains	1083	.iosinthecar.com	E: current ownership/use unverified; not added	
apple-domains	1084	.ipa-iphone.net	E: current ownership/use unverified; not added	
apple-domains	1085	.ipad.co.kr	E: current ownership/use unverified; not added	
apple-domains	1086	.ipad.de	E: current ownership/use unverified; not added	
apple-domains	1087	.ipad.host	E: current ownership/use unverified; not added	
apple-domains	1088	.ipad.wang	E: current ownership/use unverified; not added	
apple-domains	1089	.ipad3.com	E: current ownership/use unverified; not added	
apple-domains	1090	.ipadair.cl	E: current ownership/use unverified; not added	
apple-domains	1091	.ipadair.cm	E: current ownership/use unverified; not added	
apple-domains	1092	.ipadair.com.br	E: current ownership/use unverified; not added	
apple-domains	1093	.ipadair.com.es	E: current ownership/use unverified; not added	
apple-domains	1094	.ipadair.fr	E: current ownership/use unverified; not added	
apple-domains	1095	.ipadair.hk	E: current ownership/use unverified; not added	
apple-domains	1096	.ipadair.ie	E: current ownership/use unverified; not added	
apple-domains	1097	.ipadair.jp	E: current ownership/use unverified; not added	
apple-domains	1098	.ipadair.tw	E: current ownership/use unverified; not added	
apple-domains	1099	.ipadaustralia.com	E: current ownership/use unverified; not added	
apple-domains	1100	.ipadmini.cm	E: current ownership/use unverified; not added	
apple-domains	1101	.ipadmini.com.lk	E: current ownership/use unverified; not added	
apple-domains	1102	.ipadmini.lk	E: current ownership/use unverified; not added	
apple-domains	1103	.ipadpro.buzz	E: current ownership/use unverified; not added	
apple-domains	1104	.iphine.com	E: current ownership/use unverified; not added	
apple-domains	1105	.iphone-8.com.cn	E: current ownership/use unverified; not added	
apple-domains	1106	.iphone-cd.com	E: current ownership/use unverified; not added	
apple-domains	1107	.iphone-cn.com	E: current ownership/use unverified; not added	
apple-domains	1108	.iphone-sh.com	E: current ownership/use unverified; not added	
apple-domains	1109	.iphone-vip1.com	E: current ownership/use unverified; not added	
apple-domains	1110	.iphone-vip2.com	E: current ownership/use unverified; not added	
apple-domains	1111	.iphone-vip3.com	E: current ownership/use unverified; not added	
apple-domains	1112	.iphone-vip4.com	E: current ownership/use unverified; not added	
apple-domains	1113	.iphone-vip5.com	E: current ownership/use unverified; not added	
apple-domains	1114	.iphone-x.tv	E: current ownership/use unverified; not added	
apple-domains	1115	.iphone-yh.com	E: current ownership/use unverified; not added	
apple-domains	1116	.iphone-zh.com	E: current ownership/use unverified; not added	
apple-domains	1117	.iphone.cm	E: current ownership/use unverified; not added	
apple-domains	1118	.iphone.com	E: current ownership/use unverified; not added	
apple-domains	1119	.iphone.com.au	E: current ownership/use unverified; not added	
apple-domains	1120	.iphone.com.gr	E: current ownership/use unverified; not added	
apple-domains	1121	.iphone.es	E: current ownership/use unverified; not added	
apple-domains	1122	.iphone.host	E: current ownership/use unverified; not added	
apple-domains	1123	.iphone.net.gr	E: current ownership/use unverified; not added	
apple-domains	1124	.iphone.pt	E: current ownership/use unverified; not added	
apple-domains	1125	.iphone.rs	E: current ownership/use unverified; not added	
apple-domains	1126	.iphone.ru	E: current ownership/use unverified; not added	
apple-domains	1127	.iphone.wang	E: current ownership/use unverified; not added	
apple-domains	1128	.iphone4.com	E: current ownership/use unverified; not added	
apple-domains	1129	.iphone4.com.br	E: current ownership/use unverified; not added	
apple-domains	1130	.iphone4s.com	E: current ownership/use unverified; not added	
apple-domains	1131	.iphone5.com	E: current ownership/use unverified; not added	
apple-domains	1132	.iphone5casescovers.com	E: current ownership/use unverified; not added	
apple-domains	1133	.iphone5s5case.com	E: current ownership/use unverified; not added	
apple-domains	1134	.iphoneacessorios.com.br	E: current ownership/use unverified; not added	
apple-domains	1135	.iphonecase2013.com	E: current ownership/use unverified; not added	
apple-domains	1136	.iphonecase5.com	E: current ownership/use unverified; not added	
apple-domains	1137	.iphonecases100.com	E: current ownership/use unverified; not added	
apple-domains	1138	.iphonecases5.com	E: current ownership/use unverified; not added	
apple-domains	1139	.iphoneclaro.com.br	E: current ownership/use unverified; not added	
apple-domains	1140	.iphonecollcase.com	E: current ownership/use unverified; not added	
apple-domains	1141	.iphonefc.com	E: current ownership/use unverified; not added	
apple-domains	1142	.iphonegermany.com	E: current ownership/use unverified; not added	
apple-domains	1143	.iphonehangzhou.com	E: current ownership/use unverified; not added	
apple-domains	1144	.iphoneimessage.com	E: current ownership/use unverified; not added	
apple-domains	1145	.iphoneplus.wang	E: current ownership/use unverified; not added	
apple-domains	1146	.iphonerip.net	E: current ownership/use unverified; not added	
apple-domains	1147	.iphonese.tv	E: current ownership/use unverified; not added	
apple-domains	1148	.iphoneunlockimei.com	E: current ownership/use unverified; not added	
apple-domains	1149	.iphonexs.tv	E: current ownership/use unverified; not added	
apple-domains	1150	.iphoto.eu	E: current ownership/use unverified; not added	
apple-domains	1151	.iphoto.no	E: current ownership/use unverified; not added	
apple-domains	1152	.iphoto.se	E: current ownership/use unverified; not added	
apple-domains	1153	.iphoto.wang	E: current ownership/use unverified; not added	
apple-domains	1154	.ipod.ca	E: current ownership/use unverified; not added	
apple-domains	1155	.ipod.ch	E: current ownership/use unverified; not added	
apple-domains	1156	.ipod.cm	E: current ownership/use unverified; not added	
apple-domains	1157	.ipod.co	E: current ownership/use unverified; not added	
apple-domains	1158	.ipod.co.nz	E: current ownership/use unverified; not added	
apple-domains	1159	.ipod.co.uk	E: current ownership/use unverified; not added	
apple-domains	1160	.ipod.co.za	E: current ownership/use unverified; not added	
apple-domains	1161	.ipod.com	E: current ownership/use unverified; not added	
apple-domains	1162	.ipod.com.au	E: current ownership/use unverified; not added	
apple-domains	1163	.ipod.com.cn	E: current ownership/use unverified; not added	
apple-domains	1164	.ipod.com.fr	E: current ownership/use unverified; not added	
apple-domains	1165	.ipod.com.hk	E: current ownership/use unverified; not added	
apple-domains	1166	.ipod.com.sg	E: current ownership/use unverified; not added	
apple-domains	1167	.ipod.com.tw	E: current ownership/use unverified; not added	
apple-domains	1168	.ipod.de	E: current ownership/use unverified; not added	
apple-domains	1169	.ipod.es	E: current ownership/use unverified; not added	
apple-domains	1170	.ipod.eu	E: current ownership/use unverified; not added	
apple-domains	1171	.ipod.fr	E: current ownership/use unverified; not added	
apple-domains	1172	.ipod.gr	E: current ownership/use unverified; not added	
apple-domains	1173	.ipod.hk	E: current ownership/use unverified; not added	
apple-domains	1174	.ipod.is	E: current ownership/use unverified; not added	
apple-domains	1175	.ipod.net	E: current ownership/use unverified; not added	
apple-domains	1176	.ipod.no	E: current ownership/use unverified; not added	
apple-domains	1177	.ipod.pk	E: current ownership/use unverified; not added	
apple-domains	1178	.ipod.rs	E: current ownership/use unverified; not added	
apple-domains	1179	.ipod.ru	E: current ownership/use unverified; not added	
apple-domains	1180	.ipod.tw	E: current ownership/use unverified; not added	
apple-domains	1181	.ipodcentre.nl	E: current ownership/use unverified; not added	
apple-domains	1182	.ipodcleaner.com	E: current ownership/use unverified; not added	
apple-domains	1183	.ipoditouch.com	E: current ownership/use unverified; not added	
apple-domains	1184	.ipodnano.com	E: current ownership/use unverified; not added	
apple-domains	1185	.ipodnano.net	E: current ownership/use unverified; not added	
apple-domains	1186	.ipodprices.com	E: current ownership/use unverified; not added	
apple-domains	1187	.ipodrip.ca	E: current ownership/use unverified; not added	
apple-domains	1188	.ipodrocks.com.au	E: current ownership/use unverified; not added	
apple-domains	1189	.ipods.com	E: current ownership/use unverified; not added	
apple-domains	1190	.ipodshop.com.au	E: current ownership/use unverified; not added	
apple-domains	1191	.ipodtouch.co	E: current ownership/use unverified; not added	
apple-domains	1192	.ipodtouch.com	E: current ownership/use unverified; not added	
apple-domains	1193	.ipple.com	E: current ownership/use unverified; not added	
apple-domains	1194	.ischool.com	E: current ownership/use unverified; not added	
apple-domains	1195	.islamiccenterofnewlondon.com	E: current ownership/use unverified; not added	
apple-domains	1196	.italiabeatsbydrdre.com	E: current ownership/use unverified; not added	
apple-domains	1197	.itools.info	E: current ownership/use unverified; not added	
apple-domains	1198	.itun.es	E: current ownership/use unverified; not added	
apple-domains	1199	.itunbes.com	E: current ownership/use unverified; not added	
apple-domains	1200	.ituneas.com	E: current ownership/use unverified; not added	
apple-domains	1201	.itunes-apple.cn	E: current ownership/use unverified; not added	
apple-domains	1202	.itunes-radio.net	E: current ownership/use unverified; not added	
apple-domains	1203	.itunes.ca	E: current ownership/use unverified; not added	
apple-domains	1204	.itunes.co	E: current ownership/use unverified; not added	
apple-domains	1205	.itunes.co.th	E: current ownership/use unverified; not added	
apple-domains	1206	.itunes.com	A: covered	DOMAIN-SUFFIX,itunes.com,DIRECT
apple-domains	1207	.itunes.com.edgekey.net	A: covered	DOMAIN-SUFFIX,itunes.com.edgekey.net,DIRECT
apple-domains	1208	.itunes.hk	E: current ownership/use unverified; not added	
apple-domains	1209	.itunes.mx	E: current ownership/use unverified; not added	
apple-domains	1210	.itunes.org	E: current ownership/use unverified; not added	
apple-domains	1211	.itunes.rio	E: current ownership/use unverified; not added	
apple-domains	1212	.itunes.us	E: current ownership/use unverified; not added	
apple-domains	1213	.itunes12days.com	E: current ownership/use unverified; not added	
apple-domains	1214	.itunesapple.cn	E: current ownership/use unverified; not added	
apple-domains	1215	.itunesessentials.com	E: current ownership/use unverified; not added	
apple-domains	1216	.itunesfestivals.com	E: current ownership/use unverified; not added	
apple-domains	1217	.itunesiradio.com	E: current ownership/use unverified; not added	
apple-domains	1218	.ituneslatino.com	E: current ownership/use unverified; not added	
apple-domains	1219	.ituneslogin.net	E: current ownership/use unverified; not added	
apple-domains	1220	.itunesmatch.com	E: current ownership/use unverified; not added	
apple-domains	1221	.itunesparty.com	E: current ownership/use unverified; not added	
apple-domains	1222	.itunesradio.cn	E: current ownership/use unverified; not added	
apple-domains	1223	.itunesradio.com	E: current ownership/use unverified; not added	
apple-domains	1224	.itunesradio.com.cn	E: current ownership/use unverified; not added	
apple-domains	1225	.itunesradio.rio	E: current ownership/use unverified; not added	
apple-domains	1226	.itunesradio.tv	E: current ownership/use unverified; not added	
apple-domains	1227	.itunesradio.tw	E: current ownership/use unverified; not added	
apple-domains	1228	.itunesstore.co	E: current ownership/use unverified; not added	
apple-domains	1229	.itunesu.com	E: current ownership/use unverified; not added	
apple-domains	1230	.itunesu.net	E: current ownership/use unverified; not added	
apple-domains	1231	.iutunes.com	E: current ownership/use unverified; not added	
apple-domains	1232	.iwork.com	E: current ownership/use unverified; not added	
apple-domains	1233	.iwork.se	E: current ownership/use unverified; not added	
apple-domains	1234	.iwork.wang	E: current ownership/use unverified; not added	
apple-domains	1235	.jetfuelapp.com	E: current ownership/use unverified; not added	
apple-domains	1236	.jetfuelapps.com	E: current ownership/use unverified; not added	
apple-domains	1237	.jkbeats.com	E: current ownership/use unverified; not added	
apple-domains	1238	.kickshatchannel.com	E: current ownership/use unverified; not added	
apple-domains	1239	.kobbeatssbydredk.com	E: current ownership/use unverified; not added	
apple-domains	1240	.kopfhorergunstigshop.com	E: current ownership/use unverified; not added	
apple-domains	1241	.latticedata.com	E: current ownership/use unverified; not added	
apple-domains	1242	.launchpad.wang	E: current ownership/use unverified; not added	
apple-domains	1243	.leecountytimes.com	E: current ownership/use unverified; not added	
apple-domains	1244	.lexuemei.com	E: current ownership/use unverified; not added	
apple-domains	1245	.livephotos.cn	E: current ownership/use unverified; not added	
apple-domains	1246	.livephotos.com.cn	E: current ownership/use unverified; not added	
apple-domains	1247	.livephotos.tv	E: current ownership/use unverified; not added	
apple-domains	1248	.lojaiphone.com.br	E: current ownership/use unverified; not added	
apple-domains	1249	.lovebeatsdr.com	E: current ownership/use unverified; not added	
apple-domains	1250	.lovemarca.com	E: current ownership/use unverified; not added	
apple-domains	1251	.ls.apple.com.edgesuite.net	A: covered	DOMAIN-SUFFIX,ls.apple.com.edgesuite.net,DIRECT
apple-domains	1252	.luckyissue.com	E: current ownership/use unverified; not added	
apple-domains	1253	.lyzsxx.com	E: current ownership/use unverified; not added	
apple-domains	1254	.mac-mini.com	E: current ownership/use unverified; not added	
apple-domains	1255	.mac.com	A: covered	DOMAIN-SUFFIX,mac.com,DIRECT
apple-domains	1256	.mac.com.au	E: current ownership/use unverified; not added	
apple-domains	1257	.mac.eu	E: current ownership/use unverified; not added	
apple-domains	1258	.mac.rs	E: current ownership/use unverified; not added	
apple-domains	1259	.mac.wang	E: current ownership/use unverified; not added	
apple-domains	1260	.macappsto.re	E: current ownership/use unverified; not added	
apple-domains	1261	.macbook.co	E: current ownership/use unverified; not added	
apple-domains	1262	.macbook.hk	E: current ownership/use unverified; not added	
apple-domains	1263	.macbook.tw	E: current ownership/use unverified; not added	
apple-domains	1264	.macbook.wang	E: current ownership/use unverified; not added	
apple-domains	1265	.macbookair.cn	E: current ownership/use unverified; not added	
apple-domains	1266	.macbookair.co.kr	E: current ownership/use unverified; not added	
apple-domains	1267	.macbookair.co.uk	E: current ownership/use unverified; not added	
apple-domains	1268	.macbookair.com	E: current ownership/use unverified; not added	
apple-domains	1269	.macbookair.com.au	E: current ownership/use unverified; not added	
apple-domains	1270	.macbookair.com.cn	E: current ownership/use unverified; not added	
apple-domains	1271	.macbookair.com.es	E: current ownership/use unverified; not added	
apple-domains	1272	.macbookair.es	E: current ownership/use unverified; not added	
apple-domains	1273	.macbookair.hk	E: current ownership/use unverified; not added	
apple-domains	1274	.macbookair.jp	E: current ownership/use unverified; not added	
apple-domains	1275	.macbookair.kr	E: current ownership/use unverified; not added	
apple-domains	1276	.macbookair.net	E: current ownership/use unverified; not added	
apple-domains	1277	.macbookpro.co	E: current ownership/use unverified; not added	
apple-domains	1278	.macbookpro.com	E: current ownership/use unverified; not added	
apple-domains	1279	.macbookpro.com.au	E: current ownership/use unverified; not added	
apple-domains	1280	.macbookpro.net	E: current ownership/use unverified; not added	
apple-domains	1281	.macbookpro.us	E: current ownership/use unverified; not added	
apple-domains	1282	.macbookpros.com	E: current ownership/use unverified; not added	
apple-domains	1283	.macbooksale.com	E: current ownership/use unverified; not added	
apple-domains	1284	.macboxset.com	E: current ownership/use unverified; not added	
apple-domains	1285	.mach-os.com	E: current ownership/use unverified; not added	
apple-domains	1286	.mach-os.net	E: current ownership/use unverified; not added	
apple-domains	1287	.machos.net	E: current ownership/use unverified; not added	
apple-domains	1288	.macintosh.eu	E: current ownership/use unverified; not added	
apple-domains	1289	.macintoshsoftware.com	E: current ownership/use unverified; not added	
apple-domains	1290	.macmini.com	E: current ownership/use unverified; not added	
apple-domains	1291	.macos.com.au	E: current ownership/use unverified; not added	
apple-domains	1292	.macosforge.org	E: current ownership/use unverified; not added	
apple-domains	1293	.macossierra.com	E: current ownership/use unverified; not added	
apple-domains	1294	.macosx.info	E: current ownership/use unverified; not added	
apple-domains	1295	.macosxlion.com	E: current ownership/use unverified; not added	
apple-domains	1296	.macpazar.com	E: current ownership/use unverified; not added	
apple-domains	1297	.macreach.com	E: current ownership/use unverified; not added	
apple-domains	1298	.macreach.net	E: current ownership/use unverified; not added	
apple-domains	1299	.macruby.com	E: current ownership/use unverified; not added	
apple-domains	1300	.macruby.net	E: current ownership/use unverified; not added	
apple-domains	1301	.macruby.org	E: current ownership/use unverified; not added	
apple-domains	1302	.mairbeats.com	E: current ownership/use unverified; not added	
apple-domains	1303	.makeeu.com	E: current ownership/use unverified; not added	
apple-domains	1304	.mallheadphone.com	E: current ownership/use unverified; not added	
apple-domains	1305	.mbeats-tech.com	E: current ownership/use unverified; not added	
apple-domains	1306	.mbheadphone.com	E: current ownership/use unverified; not added	
apple-domains	1307	.me.com	A: covered	DOMAIN-SUFFIX,me.com,DIRECT
apple-domains	1308	.micstl.com	E: current ownership/use unverified; not added	
apple-domains	1309	.mmonsterheadphones.net	E: current ownership/use unverified; not added	
apple-domains	1310	.mobileme.dk	E: current ownership/use unverified; not added	
apple-domains	1311	.monbeats2013.com	E: current ownership/use unverified; not added	
apple-domains	1312	.monster-beats-by-dr-dre.com	E: current ownership/use unverified; not added	
apple-domains	1313	.monster-beats-headphones.com	E: current ownership/use unverified; not added	
apple-domains	1314	.monsterbeats-cheap.com	E: current ownership/use unverified; not added	
apple-domains	1315	.monsterbeats-headphone.com	E: current ownership/use unverified; not added	
apple-domains	1316	.monsterbeats-onsale.com	E: current ownership/use unverified; not added	
apple-domains	1317	.monsterbeats-solo.com	E: current ownership/use unverified; not added	
apple-domains	1318	.monsterbeats-solo.net	E: current ownership/use unverified; not added	
apple-domains	1319	.monsterbeats365buy.com	E: current ownership/use unverified; not added	
apple-domains	1320	.monsterbeats8beatsbydre.com	E: current ownership/use unverified; not added	
apple-domains	1321	.monsterbeatsale.com	E: current ownership/use unverified; not added	
apple-domains	1322	.monsterbeatsalestore.com	E: current ownership/use unverified; not added	
apple-domains	1323	.monsterbeatsau.com	E: current ownership/use unverified; not added	
apple-domains	1324	.monsterbeatsbydrdre-nz.com	E: current ownership/use unverified; not added	
apple-domains	1325	.monsterbeatsbydrdre-usa.com	E: current ownership/use unverified; not added	
apple-domains	1326	.monsterbeatsbydrdrecanada.com	E: current ownership/use unverified; not added	
apple-domains	1327	.monsterbeatsbydrdrestudio.com	E: current ownership/use unverified; not added	
apple-domains	1328	.monsterbeatsbydre-nz.com	E: current ownership/use unverified; not added	
apple-domains	1329	.monsterbeatsbydre-usa.com	E: current ownership/use unverified; not added	
apple-domains	1330	.monsterbeatsbydre2015.com	E: current ownership/use unverified; not added	
apple-domains	1331	.monsterbeatsbydreaustraliacheap.com	E: current ownership/use unverified; not added	
apple-domains	1332	.monsterbeatsbydrebilligde.com	E: current ownership/use unverified; not added	
apple-domains	1333	.monsterbeatsbydrefactory.com	E: current ownership/use unverified; not added	
apple-domains	1334	.monsterbeatsbydrenew.com	E: current ownership/use unverified; not added	
apple-domains	1335	.monsterbeatsbydres.com	E: current ownership/use unverified; not added	
apple-domains	1336	.monsterbeatsbydreshop.com	E: current ownership/use unverified; not added	
apple-domains	1337	.monsterbeatscasques.com	E: current ownership/use unverified; not added	
apple-domains	1338	.monsterbeatscommunity.com	E: current ownership/use unverified; not added	
apple-domains	1339	.monsterbeatsdrdrecheap.com	E: current ownership/use unverified; not added	
apple-domains	1340	.monsterbeatsfactory.net	E: current ownership/use unverified; not added	
apple-domains	1341	.monsterbeatsfinland.com	E: current ownership/use unverified; not added	
apple-domains	1342	.monsterbeatsforsale.com	E: current ownership/use unverified; not added	
apple-domains	1343	.monsterbeatsheadphone.com	E: current ownership/use unverified; not added	
apple-domains	1344	.monsterbeatsheadphones.net	E: current ownership/use unverified; not added	
apple-domains	1345	.monsterbeatshere.com	E: current ownership/use unverified; not added	
apple-domains	1346	.monsterbeatsitaly.com	E: current ownership/use unverified; not added	
apple-domains	1347	.monsterbeatsmall.com	E: current ownership/use unverified; not added	
apple-domains	1348	.monsterbeatsnegozi.net	E: current ownership/use unverified; not added	
apple-domains	1349	.monsterbeatsok.com	E: current ownership/use unverified; not added	
apple-domains	1350	.monsterbeatsonlinestoreuk.com	E: current ownership/use unverified; not added	
apple-domains	1351	.monsterbeatsoutlet.us	E: current ownership/use unverified; not added	
apple-domains	1352	.monsterbeatspascher.net	E: current ownership/use unverified; not added	
apple-domains	1353	.monsterbeatsru.com	E: current ownership/use unverified; not added	
apple-domains	1354	.monsterbeatssales.com	E: current ownership/use unverified; not added	
apple-domains	1355	.monsterbeatssalg.com	E: current ownership/use unverified; not added	
apple-domains	1356	.monsterbeatsshops.net	E: current ownership/use unverified; not added	
apple-domains	1357	.monsterbeatsstore.com	E: current ownership/use unverified; not added	
apple-domains	1358	.monsterbeatssydneyaustralia.com	E: current ownership/use unverified; not added	
apple-domains	1359	.monsterbeatstang.com	E: current ownership/use unverified; not added	
apple-domains	1360	.monsterbeatstienda.com	E: current ownership/use unverified; not added	
apple-domains	1361	.monsterbeatstudio.com	E: current ownership/use unverified; not added	
apple-domains	1362	.monsterbydrebeat.com	E: current ownership/use unverified; not added	
apple-domains	1363	.monstercasquebeatspascher.net	E: current ownership/use unverified; not added	
apple-domains	1364	.monstercheapbeatss.com	E: current ownership/use unverified; not added	
apple-domains	1365	.monsterdrebeats-canada.net	E: current ownership/use unverified; not added	
apple-domains	1366	.monsterdrebeats-usa.com	E: current ownership/use unverified; not added	
apple-domains	1367	.monsterdrebeats-usa.net	E: current ownership/use unverified; not added	
apple-domains	1368	.monsterheadphone.net	E: current ownership/use unverified; not added	
apple-domains	1369	.monsterproduct.net	E: current ownership/use unverified; not added	
apple-domains	1370	.monstersbeatbydres.com	E: current ownership/use unverified; not added	
apple-domains	1371	.monstersdebea.com	E: current ownership/use unverified; not added	
apple-domains	1372	.monstershopcheapbeats.net	E: current ownership/use unverified; not added	
apple-domains	1373	.moreheadphones.com	E: current ownership/use unverified; not added	
apple-domains	1374	.mr-apple.com.tw	E: current ownership/use unverified; not added	
apple-domains	1375	.ms4dre.com	E: current ownership/use unverified; not added	
apple-domains	1376	.musickit.net	A: covered	DOMAIN-SUFFIX,musickit.net,DIRECT
apple-domains	1377	.myappleid.com	E: current ownership/use unverified; not added	
apple-domains	1378	.mybeatsbydrestudio.com	E: current ownership/use unverified; not added	
apple-domains	1379	.mybeatsbydreuk.com	E: current ownership/use unverified; not added	
apple-domains	1380	.mybeatscheapbydre.com	E: current ownership/use unverified; not added	
apple-domains	1381	.myferrariheadphones.com	E: current ownership/use unverified; not added	
apple-domains	1382	.myicloud.net	E: current ownership/use unverified; not added	
apple-domains	1383	.myipod.net	E: current ownership/use unverified; not added	
apple-domains	1384	.mylcloud.net	E: current ownership/use unverified; not added	
apple-domains	1385	.mzstatic.com	A: covered	DOMAIN-SUFFIX,mzstatic.com,DIRECT
apple-domains	1386	.namemybeats.com	E: current ownership/use unverified; not added	
apple-domains	1387	.neborder.com	E: current ownership/use unverified; not added	
apple-domains	1388	.negozimonsterbeats.com	E: current ownership/use unverified; not added	
apple-domains	1389	.negoziomonsterbeats.com	E: current ownership/use unverified; not added	
apple-domains	1390	.newbeatsblackfriday.com	E: current ownership/use unverified; not added	
apple-domains	1391	.newbemany.com	E: current ownership/use unverified; not added	
apple-domains	1392	.newdrediscount.com	E: current ownership/use unverified; not added	
apple-domains	1393	.newestbeatsbydre.com	E: current ownership/use unverified; not added	
apple-domains	1394	.newlysprung.net	E: current ownership/use unverified; not added	
apple-domains	1395	.newmonst1erbeatsto1re.com	E: current ownership/use unverified; not added	
apple-domains	1396	.newmonsterbeatsheadphones.com	E: current ownership/use unverified; not added	
apple-domains	1397	.newschristmasshopping.com	E: current ownership/use unverified; not added	
apple-domains	1398	.newton.com	E: current ownership/use unverified; not added	
apple-domains	1399	.next.com	E: current ownership/use unverified; not added	
apple-domains	1400	.nflhotsalejerseys.com	E: current ownership/use unverified; not added	
apple-domains	1401	.nicesshop.net	E: current ownership/use unverified; not added	
apple-domains	1402	.offerairjordanlebron.com	E: current ownership/use unverified; not added	
apple-domains	1403	.officialbeatsbydreshop.com	E: current ownership/use unverified; not added	
apple-domains	1404	.officialbeatsbydrestore.com	E: current ownership/use unverified; not added	
apple-domains	1405	.officialdrdre.com	E: current ownership/use unverified; not added	
apple-domains	1406	.officialheadphone.com	E: current ownership/use unverified; not added	
apple-domains	1407	.offrezdesipods.com	E: current ownership/use unverified; not added	
apple-domains	1408	.ogameblog.com	E: current ownership/use unverified; not added	
apple-domains	1409	.onbeatsbydresale.com	E: current ownership/use unverified; not added	
apple-domains	1410	.onlineapplestore.com	E: current ownership/use unverified; not added	
apple-domains	1411	.onlinemonsterbeatsonsale.com	E: current ownership/use unverified; not added	
apple-domains	1412	.onlyiphone5case.com	E: current ownership/use unverified; not added	
apple-domains	1413	.onsalekey.com	E: current ownership/use unverified; not added	
apple-domains	1414	.onsaletrend.com	E: current ownership/use unverified; not added	
apple-domains	1415	.organicfruitapps.com	E: current ownership/use unverified; not added	
apple-domains	1416	.outletbeatsshop.com	E: current ownership/use unverified; not added	
apple-domains	1417	.overapple.com	E: current ownership/use unverified; not added	
apple-domains	1418	.pascherbeatsmonster.com	E: current ownership/use unverified; not added	
apple-domains	1419	.paulsimon-music.com	E: current ownership/use unverified; not added	
apple-domains	1420	.perfectkickz.net	E: current ownership/use unverified; not added	
apple-domains	1421	.personeelsland.com	E: current ownership/use unverified; not added	
apple-domains	1422	.picknicekicks.net	E: current ownership/use unverified; not added	
apple-domains	1423	.pickshoesclothes.com	E: current ownership/use unverified; not added	
apple-domains	1424	.pillbeatsblackfridaysale.com	E: current ownership/use unverified; not added	
apple-domains	1425	.pocketbiketrader.com	E: current ownership/use unverified; not added	
apple-domains	1426	.powerbeats2wireless.com	E: current ownership/use unverified; not added	
apple-domains	1427	.powerbeatsbydrdre.com	E: current ownership/use unverified; not added	
apple-domains	1428	.powerbeatsbydre.com	E: current ownership/use unverified; not added	
apple-domains	1429	.powerbook.eu	E: current ownership/use unverified; not added	
apple-domains	1430	.promonsterbeatsbydre.com	E: current ownership/use unverified; not added	
apple-domains	1431	.prostudiobeatscybersale.com	E: current ownership/use unverified; not added	
apple-domains	1432	.pullstring.net	E: current ownership/use unverified; not added	
apple-domains	1433	.quatrowireless.com	E: current ownership/use unverified; not added	
apple-domains	1434	.quicktime.cc	E: current ownership/use unverified; not added	
apple-domains	1435	.quicktime.com	E: current ownership/use unverified; not added	
apple-domains	1436	.quicktime.com.au	E: current ownership/use unverified; not added	
apple-domains	1437	.quicktime.eu	E: current ownership/use unverified; not added	
apple-domains	1438	.quicktime.net	E: current ownership/use unverified; not added	
apple-domains	1439	.quicktime.tv	E: current ownership/use unverified; not added	
apple-domains	1440	.qwapi.com	E: current ownership/use unverified; not added	
apple-domains	1441	.rbsgr.com	E: current ownership/use unverified; not added	
apple-domains	1442	.reform-apple.com	E: current ownership/use unverified; not added	
apple-domains	1443	.repsneakermall.com	E: current ownership/use unverified; not added	
apple-domains	1444	.repswing.com	E: current ownership/use unverified; not added	
apple-domains	1445	.researchandcare.org	E: current ownership/use unverified; not added	
apple-domains	1446	.researchkit.cn	E: current ownership/use unverified; not added	
apple-domains	1447	.researchkit.com.cn	E: current ownership/use unverified; not added	
apple-domains	1448	.researchkit.hk	E: current ownership/use unverified; not added	
apple-domains	1449	.researchkit.net	E: current ownership/use unverified; not added	
apple-domains	1450	.researchkit.org	E: current ownership/use unverified; not added	
apple-domains	1451	.researchkit.tv	E: current ownership/use unverified; not added	
apple-domains	1452	.safebrowsing.apple	A: covered	DOMAIN-SUFFIX,apple,DIRECT
apple-domains	1453	.salebeatslasteststyle4you.com	E: current ownership/use unverified; not added	
apple-domains	1454	.saleblackfridaydrebeats.com	E: current ownership/use unverified; not added	
apple-domains	1455	.salecheaphandbags.com	E: current ownership/use unverified; not added	
apple-domains	1456	.samebags.com	E: current ownership/use unverified; not added	
apple-domains	1457	.sanvaras.com	E: current ownership/use unverified; not added	
apple-domains	1458	.scnshop.cc	E: current ownership/use unverified; not added	
apple-domains	1459	.services-apple.net	E: current ownership/use unverified; not added	
apple-domains	1460	.servicetalk.io	E: current ownership/use unverified; not added	
apple-domains	1461	.shazam.com	B: official current service; added	DOMAIN-SUFFIX,shazam.com,DIRECT
apple-domains	1462	.shoers.com	E: current ownership/use unverified; not added	
apple-domains	1463	.shoestop2.com	E: current ownership/use unverified; not added	
apple-domains	1464	.shop-headphones.net	E: current ownership/use unverified; not added	
apple-domains	1465	.shopbeatsdre.com	E: current ownership/use unverified; not added	
apple-domains	1466	.shopbydre.com	E: current ownership/use unverified; not added	
apple-domains	1467	.shopcustomizedbeats.com	E: current ownership/use unverified; not added	
apple-domains	1468	.shopdrebeats.com	E: current ownership/use unverified; not added	
apple-domains	1469	.shopmonsterbeats.com	E: current ownership/use unverified; not added	
apple-domains	1470	.shopping-days.net	E: current ownership/use unverified; not added	
apple-domains	1471	.shoppinguheadphones.com	E: current ownership/use unverified; not added	
apple-domains	1472	.simplyipod.com	E: current ownership/use unverified; not added	
apple-domains	1473	.siri.com	E: current ownership/use unverified; not added	
apple-domains	1474	.sneaker666.com	E: current ownership/use unverified; not added	
apple-domains	1475	.sneakerpage.net	E: current ownership/use unverified; not added	
apple-domains	1476	.sneakerskick.com	E: current ownership/use unverified; not added	
apple-domains	1477	.solostudioksale.com	E: current ownership/use unverified; not added	
apple-domains	1478	.soso7778.com	E: current ownership/use unverified; not added	
apple-domains	1479	.specialtyheadphones.com	E: current ownership/use unverified; not added	
apple-domains	1480	.spektral.cc	E: current ownership/use unverified; not added	
apple-domains	1481	.spiritclubs.com	E: current ownership/use unverified; not added	
apple-domains	1482	.store.apple.com.edgekey.net	A: covered	DOMAIN-SUFFIX,apple.com.edgekey.net,DIRECT
apple-domains	1483	.straightouttasomewhere.com	E: current ownership/use unverified; not added	
apple-domains	1484	.studiobeatsbydrdre.com	E: current ownership/use unverified; not added	
apple-domains	1485	.sulwerphoto.com	E: current ownership/use unverified; not added	
apple-domains	1486	.sunglassessale2014.com	E: current ownership/use unverified; not added	
apple-domains	1487	.superearsenjoy.com	E: current ownership/use unverified; not added	
apple-domains	1488	.supplybestjerseys.com	E: current ownership/use unverified; not added	
apple-domains	1489	.sustainthesound.com	E: current ownership/use unverified; not added	
apple-domains	1490	.sverigebeatsbydrdre.com	E: current ownership/use unverified; not added	
apple-domains	1491	.swift.org	E: current ownership/use unverified; not added	
apple-domains	1492	.swiftui.cn	E: current ownership/use unverified; not added	
apple-domains	1493	.swiftui.com.cn	E: current ownership/use unverified; not added	
apple-domains	1494	.szcheapmonsterheadphones.com	E: current ownership/use unverified; not added	
apple-domains	1495	.szwinnertechnology.com	E: current ownership/use unverified; not added	
apple-domains	1496	.takegoto.com	E: current ownership/use unverified; not added	
apple-domains	1497	.texture.com	E: current ownership/use unverified; not added	
apple-domains	1498	.the-monster-beats.com	E: current ownership/use unverified; not added	
apple-domains	1499	.thebeatsbydre.com	E: current ownership/use unverified; not added	
apple-domains	1500	.thebeatsbydre.net	E: current ownership/use unverified; not added	
apple-domains	1501	.thebeatsheadphonesale.com	E: current ownership/use unverified; not added	
apple-domains	1502	.theuab.net	E: current ownership/use unverified; not added	
apple-domains	1503	.thinkdifferent.us	E: current ownership/use unverified; not added	
apple-domains	1504	.topbeatsbydrdreoutlet.com	E: current ownership/use unverified; not added	
apple-domains	1505	.topbeatsdealer.com	E: current ownership/use unverified; not added	
apple-domains	1506	.topbeatsforsale.com	E: current ownership/use unverified; not added	
apple-domains	1507	.touchid.tv	E: current ownership/use unverified; not added	
apple-domains	1508	.touchid.wang	E: current ownership/use unverified; not added	
apple-domains	1509	.tracking-location.com	E: current ownership/use unverified; not added	
apple-domains	1510	.tradevip1.com	E: current ownership/use unverified; not added	
apple-domains	1511	.truedepth3d.com	E: current ownership/use unverified; not added	
apple-domains	1512	.tryrating.com	E: current ownership/use unverified; not added	
apple-domains	1513	.tteshop.com	E: current ownership/use unverified; not added	
apple-domains	1514	.tvappstore.net	E: current ownership/use unverified; not added	
apple-domains	1515	.ubnw.net	E: current ownership/use unverified; not added	
apple-domains	1516	.ukipad.com	E: current ownership/use unverified; not added	
apple-domains	1517	.unstyle.us	E: current ownership/use unverified; not added	
apple-domains	1518	.usa-beatsbydreheadphonesonsale.net	E: current ownership/use unverified; not added	
apple-domains	1519	.v-has.com	E: current ownership/use unverified; not added	
apple-domains	1520	.vertexsmb.com	A: covered	DOMAIN-SUFFIX,vertexsmb.com,DIRECT
apple-domains	1521	.vip-beats.com	E: current ownership/use unverified; not added	
apple-domains	1522	.vipbeatsbydre.com	E: current ownership/use unverified; not added	
apple-domains	1523	.vipheadphones.com	E: current ownership/use unverified; not added	
apple-domains	1524	.vipshoes2.com	E: current ownership/use unverified; not added	
apple-domains	1525	.wasdj.com	E: current ownership/use unverified; not added	
apple-domains	1526	.webkit.org	E: current ownership/use unverified; not added	
apple-domains	1527	.webkitgtk.org	E: current ownership/use unverified; not added	
apple-domains	1528	.webobjects.co.uk	E: current ownership/use unverified; not added	
apple-domains	1529	.webobjects.com	E: current ownership/use unverified; not added	
apple-domains	1530	.webobjects.de	E: current ownership/use unverified; not added	
apple-domains	1531	.webobjects.eu	E: current ownership/use unverified; not added	
apple-domains	1532	.webobjects.net	E: current ownership/use unverified; not added	
apple-domains	1533	.wholesale-exporter1.com	E: current ownership/use unverified; not added	
apple-domains	1534	.wholesalediscountpurses.com	E: current ownership/use unverified; not added	
apple-domains	1535	.wholesalefine.com	E: current ownership/use unverified; not added	
apple-domains	1536	.wholesaleonlinemart.com	E: current ownership/use unverified; not added	
apple-domains	1537	.worldcoinpay.com	E: current ownership/use unverified; not added	
apple-domains	1538	.wpewebkit.org	E: current ownership/use unverified; not added	
apple-domains	1539	.wuxiapple.com	E: current ownership/use unverified; not added	
apple-domains	1540	.wwapple.net	E: current ownership/use unverified; not added	
apple-domains	1541	.www-sms-apple.com	E: current ownership/use unverified; not added	
apple-domains	1542	.www.apple.com.edgekey.net	A: covered	DOMAIN-SUFFIX,apple.com.edgekey.net,DIRECT
apple-domains	1543	.wwwapple.com	E: current ownership/use unverified; not added	
apple-domains	1544	.wwwapple.net	E: current ownership/use unverified; not added	
apple-domains	1545	.wwwapplemusic.com	E: current ownership/use unverified; not added	
apple-domains	1546	.wwwicloud.com	E: current ownership/use unverified; not added	
apple-domains	1547	.wwwipodlounge.com	E: current ownership/use unverified; not added	
apple-domains	1548	.wwwitunes.com	E: current ownership/use unverified; not added	
apple-domains	1549	.wwwlapple.com	E: current ownership/use unverified; not added	
apple-domains	1550	.wwwmacbookair.com	E: current ownership/use unverified; not added	
apple-domains	1551	.xn--czrs0t4phtr3a.cn	E: current ownership/use unverified; not added	
apple-domains	1552	.xn--fiqs8sxootzz.cn	E: current ownership/use unverified; not added	
apple-domains	1553	.xn--fiqs8sxootzz.xn--hxt814e	E: current ownership/use unverified; not added	
apple-domains	1554	.xn--gtvq61aiijy0b.xn--hxt814e	E: current ownership/use unverified; not added	
apple-domains	1555	.xn--gtvz22d.wang	E: current ownership/use unverified; not added	
apple-domains	1556	.xn--gtvz22d.xn--hxt814e	E: current ownership/use unverified; not added	
apple-domains	1557	.xn--hxtr4rozx.xn--czr694b	E: current ownership/use unverified; not added	
apple-domains	1558	.xn--kput3imi374g.xn--hxt814e	E: current ownership/use unverified; not added	
apple-domains	1559	.xn--ohq11k7pl25iyo8a.cn	E: current ownership/use unverified; not added	
apple-domains	1560	.xn--ruq8a011kt6y.xn--hxt814e	E: current ownership/use unverified; not added	
apple-domains	1561	.yourmonsterbeats.com	E: current ownership/use unverified; not added	
apple-domains	1562	apple-events.akamaized.net	C: possible dedicated CDN; current necessity unverified; not added	
apple-domains	1563	appleworldwidedeveloper.hb-api.omtrdc.net	D: exact shared-provider tenant; current necessity unverified; not added	
apple-domains	1564	appleworldwidedeveloper.sc.omtrdc.net	D: exact shared-provider tenant; current necessity unverified; not added	
apple-domains	1565	beatselectronicsllc.tt.omtrdc.net	D: exact shared-provider tenant; current necessity unverified; not added	
apple-domains	1566	e16991.b.akamaiedge.net	C: possible dedicated CDN; current necessity unverified; not added	
apple-domains	1567	edge.apple	A: covered	DOMAIN-SUFFIX,apple,DIRECT
apple-domains	1568	icons.axm-usercontent-apple.com	A: covered	DOMAIN-SUFFIX,axm-usercontent-apple.com,DIRECT
apple-domains	1569	lookup-api.apple.com.edgekey.net	A: covered	DOMAIN-SUFFIX,apple.com.edgekey.net,DIRECT
apple-domains	1570	p-events-delivery.akamaized.net	C: possible dedicated CDN; current necessity unverified; not added	
